record_id,date,division,product_line,region,units_sold,revenue_krw,cost_krw,subscription_ratio_pct,thinq_satisfaction_score
LG-2026-0001,2026-02-17,에어솔루션사업본부,Whisen & HVAC (에어솔루션),북미(North America),96,336000000,235301435,43.8,75.3
LG-2026-0002,2026-08-17,에어솔루션사업본부,Whisen & HVAC (에어솔루션),인도·아시아(APAC),161,563500000,397683010,41.0,76.9
LG-2026-0003,2026-01-25,에어솔루션사업본부,Whisen & HVAC (에어솔루션),북미(North America),172,602000000,391111477,20.9,73.6
LG-2026-0004,2026-06-22,에어솔루션사업본부,Whisen & HVAC (에어솔루션),한국(Korea),68,238000000,163664529,48.0,74.1
LG-2026-0005,2026-03-28,에어솔루션사업본부,Whisen & HVAC (에어솔루션),북미(North America),102,357000000,232321247,26.6,75.5
LG-2026-0006,2026-02-22,에어솔루션사업본부,Whisen & HVAC (에어솔루션),한국(Korea),21,73500000,54517545,31.8,74.2
LG-2026-0007,2026-08-22,에어솔루션사업본부,Whisen & HVAC (에어솔루션),인도·아시아(APAC),44,154000000,106422192,44.0,77.4
LG-2026-0008,2026-01-28,에어솔루션사업본부,Whisen & HVAC (에어솔루션),한국(Korea),122,427000000,302179366,33.4,78.8
LG-2026-0009,2026-02-23,에어솔루션사업본부,Whisen & HVAC (에어솔루션),유럽(Europe),48,168000000,124013545,33.7,78.6
LG-2026-0010,2026-08-25,에어솔루션사업본부,Whisen & HVAC (에어솔루션),인도·아시아(APAC),51,178500000,124566862,44.6,73.2
LG-2026-0011,2026-09-25,에어솔루션사업본부,Whisen & HVAC (에어솔루션),한국(Korea),158,553000000,380602049,34.4,78.9
LG-2026-0012,2026-03-24,에어솔루션사업본부,Whisen & HVAC (에어솔루션),인도·아시아(APAC),125,437500000,290632895,18.3,77.7
LG-2026-0013,2026-09-25,에어솔루션사업본부,Whisen & HVAC (에어솔루션),인도·아시아(APAC),107,374500000,281092646,32.6,73.4
LG-2026-0014,2026-08-13,에어솔루션사업본부,Whisen & HVAC (에어솔루션),인도·아시아(APAC),157,549500000,395457404,26.7,71.7
LG-2026-0015,2026-03-23,신성장구독랩,StanbyME & Care (신가전·시제품),인도·아시아(APAC),146,0,109135000,45.7,88.3
LG-2026-0016,2026-04-23,에어솔루션사업본부,Whisen & HVAC (에어솔루션),인도·아시아(APAC),31,108500000,77884098,29.1,78.2
LG-2026-0017,2026-09-12,에어솔루션사업본부,Whisen & HVAC (에어솔루션),유럽(Europe),130,455000000,341239846,31.5,72.2
LG-2026-0018,2026-05-21,에어솔루션사업본부,Whisen & HVAC (에어솔루션),유럽(Europe),78,273000000,178678027,34.4,71.8
LG-2026-0019,2026-08-14,에어솔루션사업본부,Whisen & HVAC (에어솔루션),유럽(Europe),16,56000000,37946335,41.1,75.8
LG-2026-0020,2026-09-19,에어솔루션사업본부,Whisen & HVAC (에어솔루션),유럽(Europe),136,476000000,338222819,44.3,78.6
LG-2026-0021,2026-05-26,에어솔루션사업본부,Whisen & HVAC (에어솔루션),북미(North America),121,423500000,305015958,41.5,78.4
LG-2026-0022,2026-01-13,에어솔루션사업본부,Whisen & HVAC (에어솔루션),인도·아시아(APAC),114,399000000,294046800,23.9,75.3
LG-2026-0023,2026-01-10,에어솔루션사업본부,Whisen & HVAC (에어솔루션),인도·아시아(APAC),33,115500000,74632062,28.6,74.1
LG-2026-0024,2026-08-24,에어솔루션사업본부,Whisen & HVAC (에어솔루션),인도·아시아(APAC),98,343000000,247623820,45.4,74.8
LG-2026-0025,2026-08-17,에어솔루션사업본부,Whisen & HVAC (에어솔루션),유럽(Europe),54,189000000,134369818,36.7,73.0
LG-2026-0026,2026-01-27,에어솔루션사업본부,Whisen & HVAC (에어솔루션),북미(North America),155,542500000,373185125,45.6,72.9
LG-2026-0027,2026-01-14,에어솔루션사업본부,Whisen & HVAC (에어솔루션),북미(North America),130,455000000,338598001,32.5,76.2
LG-2026-0028,2026-03-22,에어솔루션사업본부,Whisen & HVAC (에어솔루션),유럽(Europe),147,514500000,384513572,37.8,72.5
LG-2026-0029,2026-03-21,에어솔루션사업본부,Whisen & HVAC (에어솔루션),한국(Korea),123,430500000,303055343,29.5,77.9
LG-2026-0030,2026-05-24,에어솔루션사업본부,Whisen & HVAC (에어솔루션),유럽(Europe),82,287000000,199657241,42.4,78.9
LG-2026-0031,2026-09-18,에어솔루션사업본부,Whisen & HVAC (에어솔루션),유럽(Europe),98,343000000,240895833,33.8,74.8
LG-2026-0032,2026-06-23,에어솔루션사업본부,Whisen & HVAC (에어솔루션),북미(North America),69,241500000,161264082,44.4,78.6
LG-2026-0033,2026-09-16,H&A사업본부,DIOS & Objet (주방가전),유럽(Europe),21,44100000,33315188,38.6,88.7
LG-2026-0034,2026-05-28,H&A사업본부,DIOS & Objet (주방가전),북미(North America),173,363300000,257553528,24.4,91.7
LG-2026-0035,2026-03-13,H&A사업본부,WashTower & Tromm (리빙가전),한국(Korea),157,376800000,239732563,46.6,87.6
LG-2026-0036,2026-02-19,H&A사업본부,WashTower & Tromm (리빙가전),북미(North America),106,254400000,184020520,27.4,85.4
LG-2026-0037,2026-05-23,H&A사업본부,DIOS & Objet (주방가전),한국(Korea),56,117600000,77731230,44.0,84.2
LG-2026-0038,2026-09-28,HE사업본부,OLED evo (TV),북미(North America),29,81200000,53400048,20.8,88.2
LG-2026-0039,2026-07-20,에어솔루션사업본부,Whisen & HVAC (에어솔루션),한국(Korea),95,332500000,238455969,36.5,92.8
LG-2026-0040,2026-02-21,H&A사업본부,WashTower & Tromm (리빙가전),유럽(Europe),167,400800000,272602949,47.4,
LG-2026-0041,2026-07-10,H&A사업본부,DIOS & Objet (주방가전),한국(Korea),114,239400000,184704325,40.1,88.8
LG-2026-0042,2026-05-23,H&A사업본부,DIOS & Objet (주방가전),한국(Korea),99,207900000,153085140,45.5,94.4
LG-2026-0043,2026-02-15,HE사업본부,OLED evo (TV),한국(Korea),164,459200000,324537347,34.8,88.6
LG-2026-0044,2026-05-10,HE사업본부,OLED evo (TV),북미(North America),45,126000000,80653748,37.4,88.8
LG-2026-0045,2026-07-17,H&A사업본부,WashTower & Tromm (리빙가전),인도·아시아(APAC),163,391200000,264824965,25.2,89.2
LG-2026-0046,2026-09-22,신성장구독랩,StanbyME & Care (신가전·시제품),유럽(Europe),61,70150000,43811953,34.2,93.7
LG-2026-0047,2026-05-20,H&A사업본부,WashTower & Tromm (리빙가전),한국(Korea),52,124800000,77842492,32.4,87.7
LG-2026-0048,2026-09-18,신성장구독랩,StanbyME & Care (신가전·시제품),유럽(Europe),175,201250000,127655187,19.1,86.4
LG-2026-0049,2026-01-17,신성장구독랩,StanbyME & Care (신가전·시제품),한국(Korea),177,203550000,150774596,37.7,88.3
LG-2026-0050,2026-07-21,H&A사업본부,WashTower & Tromm (리빙가전),인도·아시아(APAC),29,69600000,50714938,45.8,95.6
LG-2026-0051,2026-08-27,H&A사업본부,DIOS & Objet (주방가전),유럽(Europe),158,331800000,223961705,28.8,86.7
LG-2026-0052,2026-01-21,H&A사업본부,DIOS & Objet (주방가전),인도·아시아(APAC),163,342300000,222517031,22.6,92.5
LG-2026-0053,2026-03-13,H&A사업본부,WashTower & Tromm (리빙가전),인도·아시아(APAC),24,57600000,36488054,39.9,89.0
LG-2026-0054,2026-01-22,H&A사업본부,WashTower & Tromm (리빙가전),북미(North America),151,362400000,273963475,27.2,93.4
LG-2026-0055,2026-02-12,신성장구독랩,StanbyME & Care (신가전·시제품),인도·아시아(APAC),152,174800000,131087322,47.0,92.9
LG-2026-0056,2026-04-15,H&A사업본부,DIOS & Objet (주방가전),유럽(Europe),114,239400000,169399070,40.1,88.2
LG-2026-0057,2026-01-25,신성장구독랩,StanbyME & Care (신가전·시제품),한국(Korea),90,103500000,68899184,29.7,85.8
LG-2026-0058,2026-09-14,신성장구독랩,StanbyME & Care (신가전·시제품),인도·아시아(APAC),106,121900000,78910945,23.4,91.0
LG-2026-0059,2026-01-21,HE사업본부,OLED evo (TV),유럽(Europe),22,61600000,43267763,37.3,95.9
LG-2026-0060,2026-03-13,H&A사업본부,DIOS & Objet (주방가전),북미(North America),109,228900000,149835791,36.3,86.1
LG-2026-0061,2026-05-13,HE사업본부,OLED evo (TV),한국(Korea),139,389200000,295728319,29.4,93.8
LG-2026-0062,2026-08-28,에어솔루션사업본부,Whisen & HVAC (에어솔루션),한국(Korea),136,476000000,304330685,42.9,91.0
LG-2026-0063,2026-05-18,HE사업본부,OLED evo (TV),한국(Korea),36,100800000,75060455,32.8,85.2
LG-2026-0064,2026-08-22,H&A사업본부,DIOS & Objet (주방가전),유럽(Europe),58,121800000,83946442,27.7,91.6
LG-2026-0065,2026-06-21,신성장구독랩,StanbyME & Care (신가전·시제품),한국(Korea),60,0,44850000,31.9,87.8
LG-2026-0066,2026-03-23,에어솔루션사업본부,Whisen & HVAC (에어솔루션),인도·아시아(APAC),166,581000000,380008910,35.0,90.0
LG-2026-0067,2026-03-27,HE사업본부,OLED evo (TV),한국(Korea),99,277200000,186058172,31.3,95.4
LG-2026-0068,2026-05-28,H&A사업본부,DIOS & Objet (주방가전),한국(Korea),74,155400000,120522012,21.7,91.6
LG-2026-0069,2026-07-20,에어솔루션사업본부,Whisen & HVAC (에어솔루션),인도·아시아(APAC),177,619500000,423683513,27.9,91.4
LG-2026-0070,2026-01-22,신성장구독랩,StanbyME & Care (신가전·시제품),북미(North America),141,162150000,113938014,37.4,89.7
LG-2026-0071,2026-07-25,H&A사업본부,DIOS & Objet (주방가전),유럽(Europe),17,35700000,25326559,28.0,87.4
LG-2026-0072,2026-05-20,HE사업본부,OLED evo (TV),인도·아시아(APAC),101,282800000,177032599,21.6,87.0
LG-2026-0073,2026-09-16,에어솔루션사업본부,Whisen & HVAC (에어솔루션),북미(North America),68,238000000,167168974,29.1,92.4
LG-2026-0074,2026-03-19,H&A사업본부,WashTower & Tromm (리빙가전),북미(North America),39,93600000,62973832,31.9,87.0
LG-2026-0075,2026-02-10,에어솔루션사업본부,Whisen & HVAC (에어솔루션),북미(North America),160,560000000,410979872,34.8,93.2
LG-2026-0076,2026-08-20,HE사업본부,OLED evo (TV),한국(Korea),122,341600000,221917471,47.7,93.9
LG-2026-0077,2026-05-11,H&A사업본부,DIOS & Objet (주방가전),한국(Korea),103,216300000,155099431,44.5,87.4
LG-2026-0078,2026-08-16,HE사업본부,OLED evo (TV),인도·아시아(APAC),49,137200000,95615865,43.1,88.9
LG-2026-0079,2026-01-23,신성장구독랩,StanbyME & Care (신가전·시제품),한국(Korea),85,97750000,73777744,24.5,89.4
LG-2026-0080,2026-05-25,H&A사업본부,WashTower & Tromm (리빙가전),북미(North America),180,432000000,304970728,38.5,
LG-2026-0081,2026-06-15,신성장구독랩,StanbyME & Care (신가전·시제품),북미(North America),145,166750000,119281759,37.8,90.6
LG-2026-0082,2026-09-26,H&A사업본부,WashTower & Tromm (리빙가전),북미(North America),158,379200000,281173675,46.8,97.0
LG-2026-0083,2026-04-16,HE사업본부,OLED evo (TV),인도·아시아(APAC),176,492800000,378510176,18.9,97.2
LG-2026-0084,2026-08-14,신성장구독랩,StanbyME & Care (신가전·시제품),인도·아시아(APAC),145,166750000,106759634,43.8,86.9
LG-2026-0085,2026-09-14,에어솔루션사업본부,Whisen & HVAC (에어솔루션),한국(Korea),108,378000000,266577870,23.7,93.8
LG-2026-0086,2026-05-15,신성장구독랩,StanbyME & Care (신가전·시제품),유럽(Europe),48,55200000,34763439,19.0,93.0
LG-2026-0087,2026-01-15,신성장구독랩,StanbyME & Care (신가전·시제품),유럽(Europe),83,95450000,69761737,23.0,85.7
LG-2026-0088,2026-04-26,신성장구독랩,StanbyME & Care (신가전·시제품),유럽(Europe),120,138000000,96373510,18.9,91.4
LG-2026-0089,2026-06-14,HE사업본부,OLED evo (TV),한국(Korea),153,428400000,297524817,22.7,94.1
LG-2026-0090,2026-05-20,HE사업본부,OLED evo (TV),북미(North America),135,378000000,237878073,43.3,88.8
LG-2026-0091,2026-07-16,신성장구독랩,StanbyME & Care (신가전·시제품),북미(North America),56,64400000,41899432,30.7,95.0
LG-2026-0092,2026-09-23,H&A사업본부,WashTower & Tromm (리빙가전),유럽(Europe),76,182400000,132396794,29.2,90.7
LG-2026-0093,2026-08-27,H&A사업본부,DIOS & Objet (주방가전),인도·아시아(APAC),132,277200000,203134039,36.9,97.1
LG-2026-0094,2026-03-13,H&A사업본부,WashTower & Tromm (리빙가전),인도·아시아(APAC),38,91200000,67328256,20.4,85.6
LG-2026-0095,2026-01-27,에어솔루션사업본부,Whisen & HVAC (에어솔루션),유럽(Europe),67,234500000,152492508,47.5,96.8
LG-2026-0096,2026-09-24,H&A사업본부,DIOS & Objet (주방가전),유럽(Europe),180,378000000,251724813,18.3,88.9
LG-2026-0097,2026-04-21,에어솔루션사업본부,Whisen & HVAC (에어솔루션),한국(Korea),105,367500000,285750726,22.3,85.5
LG-2026-0098,2026-09-20,신성장구독랩,StanbyME & Care (신가전·시제품),인도·아시아(APAC),111,127650000,92072261,38.9,84.7
LG-2026-0099,2026-09-13,에어솔루션사업본부,Whisen & HVAC (에어솔루션),한국(Korea),35,122500000,85133762,41.9,91.4
LG-2026-0100,2026-08-28,HE사업본부,OLED evo (TV),한국(Korea),90,252000000,159487474,33.8,84.6
LG-2026-0101,2026-03-20,신성장구독랩,StanbyME & Care (신가전·시제품),북미(North America),113,129950000,100517474,34.2,92.3
LG-2026-0102,2026-01-11,HE사업본부,OLED evo (TV),유럽(Europe),21,58800000,40142409,43.8,86.3
LG-2026-0103,2026-03-19,신성장구독랩,StanbyME & Care (신가전·시제품),북미(North America),169,194350000,124218405,45.2,97.0
LG-2026-0104,2026-04-26,H&A사업본부,DIOS & Objet (주방가전),인도·아시아(APAC),76,159600000,117260390,25.3,90.3
LG-2026-0105,2026-02-28,HE사업본부,OLED evo (TV),한국(Korea),122,341600000,238516276,31.2,92.0
LG-2026-0106,2026-07-11,에어솔루션사업본부,Whisen & HVAC (에어솔루션),인도·아시아(APAC),166,581000000,405104524,46.4,84.2
LG-2026-0107,2026-07-28,H&A사업본부,DIOS & Objet (주방가전),인도·아시아(APAC),50,105000000,69149403,26.0,91.0
LG-2026-0108,2026-06-16,신성장구독랩,StanbyME & Care (신가전·시제품),북미(North America),105,120750000,91664072,33.9,86.2
LG-2026-0109,2026-07-22,H&A사업본부,WashTower & Tromm (리빙가전),북미(North America),156,374400000,259521322,42.1,94.9
LG-2026-0110,2026-05-21,H&A사업본부,WashTower & Tromm (리빙가전),북미(North America),77,184800000,116087305,23.1,94.1
LG-2026-0111,2026-09-13,H&A사업본부,WashTower & Tromm (리빙가전),북미(North America),80,192000000,147816393,39.2,84.5
LG-2026-0112,2026-08-26,HE사업본부,OLED evo (TV),인도·아시아(APAC),155,434000000,293777650,46.8,95.9
LG-2026-0113,2026-05-16,에어솔루션사업본부,Whisen & HVAC (에어솔루션),북미(North America),63,220500000,138368666,37.6,85.2
LG-2026-0114,2026-09-15,신성장구독랩,StanbyME & Care (신가전·시제품),북미(North America),88,101200000,73209728,25.8,90.4
LG-2026-0115,2026-04-27,신성장구독랩,StanbyME & Care (신가전·시제품),유럽(Europe),141,0,105397500,34.3,93.4
LG-2026-0116,2026-02-24,HE사업본부,OLED evo (TV),인도·아시아(APAC),133,372400000,245324438,29.6,84.2
LG-2026-0117,2026-07-18,H&A사업본부,WashTower & Tromm (리빙가전),유럽(Europe),58,139200000,89969728,40.7,86.7
LG-2026-0118,2026-09-17,HE사업본부,OLED evo (TV),유럽(Europe),134,375200000,233761127,40.6,85.0
LG-2026-0119,2026-07-12,H&A사업본부,DIOS & Objet (주방가전),인도·아시아(APAC),53,111300000,72134978,22.2,91.4
LG-2026-0120,2026-09-21,H&A사업본부,WashTower & Tromm (리빙가전),인도·아시아(APAC),176,422400000,284875770,35.0,
LG-2026-0121,2026-04-19,HE사업본부,OLED evo (TV),북미(North America),166,464800000,336536472,29.3,87.2
LG-2026-0122,2026-03-24,신성장구독랩,StanbyME & Care (신가전·시제품),유럽(Europe),93,106950000,66488429,45.6,84.4
LG-2026-0123,2026-08-13,에어솔루션사업본부,Whisen & HVAC (에어솔루션),북미(North America),77,269500000,199451299,46.6,86.1
LG-2026-0124,2026-05-10,HE사업본부,OLED evo (TV),북미(North America),47,131600000,94499234,30.2,88.2
LG-2026-0125,2026-08-28,H&A사업본부,DIOS & Objet (주방가전),인도·아시아(APAC),170,357000000,275512665,36.8,89.1
LG-2026-0126,2026-07-18,H&A사업본부,WashTower & Tromm (리빙가전),북미(North America),39,93600000,70491239,20.0,90.0
LG-2026-0127,2026-05-20,H&A사업본부,DIOS & Objet (주방가전),인도·아시아(APAC),128,268800000,177447316,30.3,94.0
LG-2026-0128,2026-05-22,신성장구독랩,StanbyME & Care (신가전·시제품),유럽(Europe),41,47150000,33366508,47.7,86.8
LG-2026-0129,2026-06-27,H&A사업본부,WashTower & Tromm (리빙가전),유럽(Europe),98,235200000,175933147,21.9,87.1
LG-2026-0130,2026-07-18,신성장구독랩,StanbyME & Care (신가전·시제품),인도·아시아(APAC),68,78200000,55354069,34.1,96.3
LG-2026-0131,2026-04-19,H&A사업본부,WashTower & Tromm (리빙가전),한국(Korea),130,312000000,202207311,40.0,88.1
LG-2026-0132,2026-01-19,신성장구독랩,StanbyME & Care (신가전·시제품),유럽(Europe),125,143750000,92000825,37.1,97.3
LG-2026-0133,2026-09-26,신성장구독랩,StanbyME & Care (신가전·시제품),북미(North America),167,192050000,129439848,30.4,88.0
LG-2026-0134,2026-09-17,신성장구독랩,StanbyME & Care (신가전·시제품),한국(Korea),172,197800000,133718229,40.5,97.4
LG-2026-0135,2026-04-27,신성장구독랩,StanbyME & Care (신가전·시제품),북미(North America),122,140300000,96622084,45.3,92.4
LG-2026-0136,2026-07-25,HE사업본부,OLED evo (TV),인도·아시아(APAC),106,296800000,189096766,32.7,86.9
LG-2026-0137,2026-02-13,신성장구독랩,StanbyME & Care (신가전·시제품),유럽(Europe),126,144900000,94231608,20.5,84.4
LG-2026-0138,2026-02-23,HE사업본부,OLED evo (TV),유럽(Europe),116,324800000,225144327,33.5,88.7
LG-2026-0139,2026-06-14,H&A사업본부,DIOS & Objet (주방가전),유럽(Europe),97,203700000,155544688,20.0,85.3
LG-2026-0140,2026-09-25,에어솔루션사업본부,Whisen & HVAC (에어솔루션),인도·아시아(APAC),175,612500000,389505309,42.6,85.4
LG-2026-0141,2026-08-13,H&A사업본부,WashTower & Tromm (리빙가전),한국(Korea),167,400800000,256487275,22.5,88.7
LG-2026-0142,2026-02-24,HE사업본부,OLED evo (TV),인도·아시아(APAC),48,134400000,83770824,44.3,90.3
LG-2026-0143,2026-07-15,에어솔루션사업본부,Whisen & HVAC (에어솔루션),인도·아시아(APAC),30,105000000,73089648,47.9,94.1
LG-2026-0144,2026-02-21,HE사업본부,OLED evo (TV),인도·아시아(APAC),178,498400000,329401620,25.4,91.4
LG-2026-0145,2026-07-13,H&A사업본부,WashTower & Tromm (리빙가전),유럽(Europe),17,40800000,29229169,25.7,94.7
LG-2026-0146,2026-05-20,HE사업본부,OLED evo (TV),유럽(Europe),108,302400000,207349219,35.3,92.6
LG-2026-0147,2026-03-26,신성장구독랩,StanbyME & Care (신가전·시제품),인도·아시아(APAC),172,197800000,132471413,36.1,94.0
LG-2026-0148,2026-07-18,HE사업본부,OLED evo (TV),인도·아시아(APAC),79,221200000,156804908,31.8,87.4
LG-2026-0149,2026-05-19,에어솔루션사업본부,Whisen & HVAC (에어솔루션),유럽(Europe),166,581000000,375370704,27.3,95.0
LG-2026-0150,2026-06-13,H&A사업본부,WashTower & Tromm (리빙가전),북미(North America),170,408000000,253086365,35.8,86.7
LG-2026-0151,2026-06-23,에어솔루션사업본부,Whisen & HVAC (에어솔루션),한국(Korea),118,413000000,296518739,38.3,92.2
LG-2026-0152,2026-07-21,H&A사업본부,DIOS & Objet (주방가전),인도·아시아(APAC),164,344400000,244904145,40.8,88.8
LG-2026-0153,2026-05-27,HE사업본부,OLED evo (TV),한국(Korea),137,383600000,259937711,36.1,90.3
LG-2026-0154,2026-05-10,H&A사업본부,DIOS & Objet (주방가전),북미(North America),44,92400000,63671072,45.4,89.2
LG-2026-0155,2026-09-24,HE사업본부,OLED evo (TV),유럽(Europe),70,196000000,123963142,39.3,86.4
LG-2026-0156,2026-02-23,신성장구독랩,StanbyME & Care (신가전·시제품),북미(North America),171,196650000,138163640,26.7,92.3
LG-2026-0157,2026-07-11,HE사업본부,OLED evo (TV),유럽(Europe),44,123200000,94279201,20.2,94.7
LG-2026-0158,2026-07-21,신성장구독랩,StanbyME & Care (신가전·시제품),유럽(Europe),127,146050000,107744218,43.9,94.2
LG-2026-0159,2026-09-15,HE사업본부,OLED evo (TV),인도·아시아(APAC),63,176400000,121071175,37.2,86.0
LG-2026-0160,2026-07-25,H&A사업본부,WashTower & Tromm (리빙가전),인도·아시아(APAC),27,64800000,40753136,47.0,
LG-2026-0161,2026-03-23,H&A사업본부,WashTower & Tromm (리빙가전),인도·아시아(APAC),177,424800000,316691731,41.4,87.9
LG-2026-0162,2026-05-10,에어솔루션사업본부,Whisen & HVAC (에어솔루션),유럽(Europe),84,294000000,206922538,27.6,86.0
LG-2026-0163,2026-01-21,에어솔루션사업본부,Whisen & HVAC (에어솔루션),북미(North America),64,224000000,152718961,47.0,88.9
LG-2026-0164,2026-09-27,신성장구독랩,StanbyME & Care (신가전·시제품),북미(North America),85,97750000,64027838,20.8,88.6
LG-2026-0165,2026-09-21,신성장구독랩,StanbyME & Care (신가전·시제품),북미(North America),154,0,115115000,24.8,86.7
LG-2026-0166,2026-05-28,H&A사업본부,WashTower & Tromm (리빙가전),유럽(Europe),58,139200000,90628876,21.6,87.4
LG-2026-0167,2026-02-14,H&A사업본부,WashTower & Tromm (리빙가전),인도·아시아(APAC),107,256800000,166926772,28.8,86.4
LG-2026-0168,2026-05-25,HE사업본부,OLED evo (TV),한국(Korea),151,422800000,329044923,46.1,88.7
LG-2026-0169,2026-02-16,H&A사업본부,WashTower & Tromm (리빙가전),북미(North America),93,223200000,147963585,41.7,89.3
LG-2026-0170,2026-06-19,H&A사업본부,DIOS & Objet (주방가전),한국(Korea),46,96600000,74847634,20.2,95.1
LG-2026-0171,2026-04-16,HE사업본부,OLED evo (TV),한국(Korea),48,134400000,103239981,31.1,87.9
LG-2026-0172,2026-05-25,H&A사업본부,DIOS & Objet (주방가전),북미(North America),22,46200000,30137636,27.6,92.5
LG-2026-0173,2026-08-25,신성장구독랩,StanbyME & Care (신가전·시제품),인도·아시아(APAC),100,115000000,85024589,28.7,87.0
LG-2026-0174,2026-09-26,H&A사업본부,DIOS & Objet (주방가전),인도·아시아(APAC),30,63000000,47868037,46.1,86.7
LG-2026-0175,2026-01-23,신성장구독랩,StanbyME & Care (신가전·시제품),한국(Korea),118,135700000,102808106,37.4,85.1
LG-2026-0176,2026-07-13,신성장구독랩,StanbyME & Care (신가전·시제품),인도·아시아(APAC),28,32200000,20167591,37.8,86.0
LG-2026-0177,2026-05-16,H&A사업본부,DIOS & Objet (주방가전),한국(Korea),46,96600000,61713302,37.4,89.7
LG-2026-0178,2026-03-22,HE사업본부,OLED evo (TV),인도·아시아(APAC),17,47600000,29804438,32.2,97.1
LG-2026-0179,2026-07-23,신성장구독랩,StanbyME & Care (신가전·시제품),유럽(Europe),65,74750000,49951588,30.9,88.2
LG-2026-0180,2026-09-28,HE사업본부,OLED evo (TV),인도·아시아(APAC),66,184800000,126300941,44.2,95.5
LG-2026-0181,2026-06-27,H&A사업본부,DIOS & Objet (주방가전),인도·아시아(APAC),82,172200000,133721838,44.6,87.2
LG-2026-0182,2026-04-19,H&A사업본부,DIOS & Objet (주방가전),북미(North America),64,134400000,87341279,24.6,90.2
LG-2026-0183,2026-05-12,에어솔루션사업본부,Whisen & HVAC (에어솔루션),인도·아시아(APAC),134,469000000,294000427,46.8,87.7
LG-2026-0184,2026-09-26,에어솔루션사업본부,Whisen & HVAC (에어솔루션),북미(North America),85,297500000,200450206,40.8,94.9
LG-2026-0185,2026-01-26,에어솔루션사업본부,Whisen & HVAC (에어솔루션),인도·아시아(APAC),95,332500000,211018263,26.4,93.4
LG-2026-0186,2026-05-18,H&A사업본부,DIOS & Objet (주방가전),유럽(Europe),78,163800000,122781937,46.5,96.3
LG-2026-0187,2026-08-26,H&A사업본부,WashTower & Tromm (리빙가전),북미(North America),87,208800000,148356393,32.4,87.7
LG-2026-0188,2026-07-12,H&A사업본부,WashTower & Tromm (리빙가전),북미(North America),155,372000000,246465934,18.2,87.6
LG-2026-0189,2026-01-10,신성장구독랩,StanbyME & Care (신가전·시제품),한국(Korea),118,135700000,99119870,18.0,94.0
LG-2026-0190,2026-01-28,H&A사업본부,DIOS & Objet (주방가전),북미(North America),175,367500000,265171478,32.7,84.3
LG-2026-0191,2026-04-17,HE사업본부,OLED evo (TV),북미(North America),128,358400000,233605188,22.7,94.8
LG-2026-0192,2026-09-25,에어솔루션사업본부,Whisen & HVAC (에어솔루션),북미(North America),110,385000000,240725379,33.8,84.5
LG-2026-0193,2026-02-13,HE사업본부,OLED evo (TV),인도·아시아(APAC),150,420000000,320638376,30.0,97.0
LG-2026-0194,2026-04-26,H&A사업본부,WashTower & Tromm (리빙가전),한국(Korea),117,280800000,190066765,23.6,85.1
LG-2026-0195,2026-01-19,HE사업본부,OLED evo (TV),유럽(Europe),24,67200000,50799159,24.2,84.1
LG-2026-0196,2026-08-13,H&A사업본부,WashTower & Tromm (리빙가전),유럽(Europe),114,273600000,202691833,44.3,97.0
LG-2026-0197,2026-03-23,H&A사업본부,WashTower & Tromm (리빙가전),한국(Korea),104,249600000,187268502,19.3,87.3
LG-2026-0198,2026-08-25,신성장구독랩,StanbyME & Care (신가전·시제품),인도·아시아(APAC),25,28750000,21065380,41.3,94.6
LG-2026-0199,2026-03-16,에어솔루션사업본부,Whisen & HVAC (에어솔루션),북미(North America),101,353500000,253306860,39.3,86.3
LG-2026-0200,2026-03-25,H&A사업본부,WashTower & Tromm (리빙가전),북미(North America),63,151200000,97609236,19.8,
LG-2026-0201,2026-02-19,에어솔루션사업본부,Whisen & HVAC (에어솔루션),북미(North America),146,511000000,326876837,21.6,91.5
LG-2026-0202,2026-06-11,에어솔루션사업본부,Whisen & HVAC (에어솔루션),인도·아시아(APAC),20,70000000,48672984,25.8,88.6
LG-2026-0203,2026-09-14,H&A사업본부,WashTower & Tromm (리빙가전),인도·아시아(APAC),116,278400000,208946570,33.0,85.3
LG-2026-0204,2026-05-13,에어솔루션사업본부,Whisen & HVAC (에어솔루션),한국(Korea),163,570500000,371596236,20.7,91.4
LG-2026-0205,2026-07-22,에어솔루션사업본부,Whisen & HVAC (에어솔루션),인도·아시아(APAC),56,196000000,129848530,40.5,95.0
LG-2026-0206,2026-03-10,H&A사업본부,WashTower & Tromm (리빙가전),유럽(Europe),147,352800000,251055735,43.8,97.4
LG-2026-0207,2026-07-15,H&A사업본부,WashTower & Tromm (리빙가전),유럽(Europe),94,225600000,162660834,26.8,84.4
LG-2026-0208,2026-06-11,HE사업본부,OLED evo (TV),유럽(Europe),134,375200000,279701988,35.8,93.2
LG-2026-0209,2026-08-10,HE사업본부,OLED evo (TV),인도·아시아(APAC),30,84000000,59370284,38.1,91.0
LG-2026-0210,2026-02-17,H&A사업본부,DIOS & Objet (주방가전),한국(Korea),46,96600000,61754124,19.6,96.3
LG-2026-0211,2026-07-16,H&A사업본부,WashTower & Tromm (리빙가전),유럽(Europe),175,420000000,283444182,35.7,86.4
LG-2026-0212,2026-09-14,H&A사업본부,WashTower & Tromm (리빙가전),인도·아시아(APAC),149,357600000,274084182,19.0,89.3
LG-2026-0213,2026-06-22,에어솔루션사업본부,Whisen & HVAC (에어솔루션),북미(North America),165,577500000,416141187,23.7,86.4
LG-2026-0214,2026-07-20,HE사업본부,OLED evo (TV),북미(North America),131,366800000,228582946,34.3,85.7
LG-2026-0215,2026-07-20,신성장구독랩,StanbyME & Care (신가전·시제품),유럽(Europe),81,0,60547500,32.7,88.0
LG-2026-0216,2026-01-11,HE사업본부,OLED evo (TV),한국(Korea),23,64400000,42002909,28.9,96.7
LG-2026-0217,2026-08-12,에어솔루션사업본부,Whisen & HVAC (에어솔루션),인도·아시아(APAC),64,224000000,173505964,45.6,93.8
LG-2026-0218,2026-06-27,H&A사업본부,DIOS & Objet (주방가전),북미(North America),58,121800000,79928673,20.2,92.5
LG-2026-0219,2026-01-13,신성장구독랩,StanbyME & Care (신가전·시제품),한국(Korea),24,27600000,20932484,47.4,92.8
LG-2026-0220,2026-01-14,H&A사업본부,WashTower & Tromm (리빙가전),한국(Korea),79,189600000,120837813,23.8,85.0
LG-2026-0221,2026-06-13,HE사업본부,OLED evo (TV),유럽(Europe),104,291200000,187835226,22.8,88.8
LG-2026-0222,2026-02-26,신성장구독랩,StanbyME & Care (신가전·시제품),북미(North America),84,96600000,73752225,25.5,92.1
LG-2026-0223,2026-04-26,HE사업본부,OLED evo (TV),유럽(Europe),88,246400000,175137182,22.0,95.6
LG-2026-0224,2026-02-14,HE사업본부,OLED evo (TV),인도·아시아(APAC),177,495600000,372781541,22.0,89.1
LG-2026-0225,2026-07-16,H&A사업본부,WashTower & Tromm (리빙가전),유럽(Europe),59,141600000,103693266,44.6,94.8
LG-2026-0226,2026-06-19,에어솔루션사업본부,Whisen & HVAC (에어솔루션),인도·아시아(APAC),151,528500000,368726090,39.4,84.6
LG-2026-0227,2026-05-14,에어솔루션사업본부,Whisen & HVAC (에어솔루션),유럽(Europe),88,308000000,216566417,38.4,88.4
LG-2026-0228,2026-08-19,H&A사업본부,DIOS & Objet (주방가전),인도·아시아(APAC),125,262500000,197800178,39.2,85.0
LG-2026-0229,2026-08-12,에어솔루션사업본부,Whisen & HVAC (에어솔루션),한국(Korea),176,616000000,421729990,42.9,84.5
LG-2026-0230,2026-01-19,H&A사업본부,WashTower & Tromm (리빙가전),유럽(Europe),171,410400000,280140118,28.8,84.7
LG-2026-0231,2026-05-17,에어솔루션사업본부,Whisen & HVAC (에어솔루션),인도·아시아(APAC),108,378000000,235009892,28.1,89.6
LG-2026-0232,2026-03-22,신성장구독랩,StanbyME & Care (신가전·시제품),유럽(Europe),67,77050000,53511030,38.2,94.6
LG-2026-0233,2026-05-18,HE사업본부,OLED evo (TV),인도·아시아(APAC),133,372400000,231493145,36.0,94.2
LG-2026-0234,2026-08-15,신성장구독랩,StanbyME & Care (신가전·시제품),한국(Korea),117,134550000,89990352,44.3,95.0
LG-2026-0235,2026-07-22,에어솔루션사업본부,Whisen & HVAC (에어솔루션),북미(North America),95,332500000,234845748,45.5,95.1
LG-2026-0236,2026-02-23,H&A사업본부,DIOS & Objet (주방가전),북미(North America),137,287700000,196266546,29.5,92.0
LG-2026-0237,2026-04-28,HE사업본부,OLED evo (TV),한국(Korea),154,431200000,301809856,19.3,91.1
LG-2026-0238,2026-07-28,H&A사업본부,WashTower & Tromm (리빙가전),인도·아시아(APAC),58,139200000,87058813,44.6,92.5
LG-2026-0239,2026-09-25,신성장구독랩,StanbyME & Care (신가전·시제품),한국(Korea),78,89700000,62758282,18.8,85.5
LG-2026-0240,2026-03-15,H&A사업본부,WashTower & Tromm (리빙가전),인도·아시아(APAC),20,48000000,29943765,40.7,
LG-2026-0241,2026-03-26,HE사업본부,OLED evo (TV),북미(North America),141,394800000,304296954,42.1,92.5
LG-2026-0242,2026-07-14,H&A사업본부,WashTower & Tromm (리빙가전),한국(Korea),94,225600000,175578528,19.5,91.0
LG-2026-0243,2026-07-22,H&A사업본부,WashTower & Tromm (리빙가전),한국(Korea),83,199200000,125502333,31.2,90.3
LG-2026-0244,2026-08-24,H&A사업본부,WashTower & Tromm (리빙가전),한국(Korea),68,163200000,117583603,39.0,85.5
LG-2026-0245,2026-05-19,H&A사업본부,DIOS & Objet (주방가전),유럽(Europe),36,75600000,47981351,46.6,89.0
LG-2026-0246,2026-06-15,신성장구독랩,StanbyME & Care (신가전·시제품),인도·아시아(APAC),179,205850000,159844169,22.0,89.3
LG-2026-0247,2026-02-14,신성장구독랩,StanbyME & Care (신가전·시제품),북미(North America),151,173650000,123651896,24.5,94.8
LG-2026-0248,2026-03-24,신성장구독랩,StanbyME & Care (신가전·시제품),인도·아시아(APAC),116,133400000,91602171,47.3,92.0
LG-2026-0249,2026-05-25,신성장구독랩,StanbyME & Care (신가전·시제품),북미(North America),71,81650000,53086045,23.2,94.4
LG-2026-0250,2026-06-14,HE사업본부,OLED evo (TV),북미(North America),110,308000000,234997873,37.1,93.0
LG-2026-0251,2026-08-28,에어솔루션사업본부,Whisen & HVAC (에어솔루션),유럽(Europe),29,101500000,67706302,46.7,88.5
LG-2026-0252,2026-03-23,HE사업본부,OLED evo (TV),유럽(Europe),135,378000000,263845560,26.9,89.5
LG-2026-0253,2026-05-21,H&A사업본부,DIOS & Objet (주방가전),북미(North America),124,260400000,174553954,20.1,97.5
LG-2026-0254,2026-09-19,HE사업본부,OLED evo (TV),한국(Korea),120,336000000,252839564,46.8,91.7
LG-2026-0255,2026-02-19,HE사업본부,OLED evo (TV),한국(Korea),26,72800000,50474992,33.6,87.6
LG-2026-0256,2026-06-23,HE사업본부,OLED evo (TV),북미(North America),15,42000000,27431371,42.0,87.2
LG-2026-0257,2026-09-12,HE사업본부,OLED evo (TV),북미(North America),81,226800000,160727686,44.9,95.2
LG-2026-0258,2026-01-13,신성장구독랩,StanbyME & Care (신가전·시제품),한국(Korea),179,205850000,141490920,18.5,96.4
LG-2026-0259,2026-06-25,H&A사업본부,DIOS & Objet (주방가전),한국(Korea),88,184800000,123700543,21.1,84.9
LG-2026-0260,2026-03-21,신성장구독랩,StanbyME & Care (신가전·시제품),한국(Korea),78,89700000,64686157,20.1,85.8
LG-2026-0261,2026-02-27,HE사업본부,OLED evo (TV),한국(Korea),161,450800000,341066356,43.1,92.2
LG-2026-0262,2026-05-15,신성장구독랩,StanbyME & Care (신가전·시제품),북미(North America),87,100050000,71696058,20.3,87.4
LG-2026-0263,2026-08-28,H&A사업본부,WashTower & Tromm (리빙가전),유럽(Europe),139,333600000,218334214,35.0,89.2
LG-2026-0264,2026-05-24,에어솔루션사업본부,Whisen & HVAC (에어솔루션),한국(Korea),39,136500000,96086048,26.7,96.1
LG-2026-0265,2026-06-28,신성장구독랩,StanbyME & Care (신가전·시제품),한국(Korea),82,0,61295000,33.2,94.1
LG-2026-0266,2026-06-23,신성장구독랩,StanbyME & Care (신가전·시제품),한국(Korea),170,195500000,122623642,29.0,89.1
LG-2026-0267,2026-02-26,H&A사업본부,WashTower & Tromm (리빙가전),유럽(Europe),98,235200000,165890368,41.2,88.4
LG-2026-0268,2026-06-25,H&A사업본부,DIOS & Objet (주방가전),인도·아시아(APAC),69,144900000,90509604,20.4,88.6
LG-2026-0269,2026-07-27,에어솔루션사업본부,Whisen & HVAC (에어솔루션),한국(Korea),20,70000000,49959387,30.4,87.9
LG-2026-0270,2026-02-18,H&A사업본부,DIOS & Objet (주방가전),북미(North America),180,378000000,274070111,32.0,87.3
LG-2026-0271,2026-09-26,에어솔루션사업본부,Whisen & HVAC (에어솔루션),유럽(Europe),22,77000000,51113406,29.6,90.1
LG-2026-0272,2026-05-12,HE사업본부,OLED evo (TV),인도·아시아(APAC),160,448000000,316295537,41.9,88.2
LG-2026-0273,2026-07-20,H&A사업본부,WashTower & Tromm (리빙가전),인도·아시아(APAC),32,76800000,55618689,19.4,92.8
LG-2026-0274,2026-06-18,HE사업본부,OLED evo (TV),인도·아시아(APAC),73,204400000,158615130,35.5,86.5
LG-2026-0275,2026-07-24,신성장구독랩,StanbyME & Care (신가전·시제품),인도·아시아(APAC),43,49450000,31137690,40.9,90.0
LG-2026-0276,2026-05-12,H&A사업본부,WashTower & Tromm (리빙가전),북미(North America),141,338400000,261859487,29.6,87.8
LG-2026-0277,2026-03-20,HE사업본부,OLED evo (TV),유럽(Europe),52,145600000,94593069,34.4,95.3
LG-2026-0278,2026-08-27,H&A사업본부,DIOS & Objet (주방가전),북미(North America),55,115500000,88070640,36.5,90.3
LG-2026-0279,2026-07-13,에어솔루션사업본부,Whisen & HVAC (에어솔루션),북미(North America),139,486500000,341863107,25.6,90.7
LG-2026-0280,2026-06-20,H&A사업본부,WashTower & Tromm (리빙가전),인도·아시아(APAC),167,400800000,272380196,44.1,
LG-2026-0281,2026-05-26,에어솔루션사업본부,Whisen & HVAC (에어솔루션),인도·아시아(APAC),101,353500000,243429105,28.8,94.1
LG-2026-0282,2026-09-20,에어솔루션사업본부,Whisen & HVAC (에어솔루션),유럽(Europe),178,623000000,434934917,39.7,91.3
LG-2026-0283,2026-09-24,에어솔루션사업본부,Whisen & HVAC (에어솔루션),유럽(Europe),32,112000000,85436499,27.1,87.5
LG-2026-0284,2026-05-11,에어솔루션사업본부,Whisen & HVAC (에어솔루션),북미(North America),140,490000000,324214052,24.0,96.1
LG-2026-0285,2026-03-11,HE사업본부,OLED evo (TV),유럽(Europe),50,140000000,88401787,23.1,85.2
LG-2026-0286,2026-08-24,에어솔루션사업본부,Whisen & HVAC (에어솔루션),유럽(Europe),98,343000000,231360716,19.3,88.2
LG-2026-0287,2026-07-28,H&A사업본부,DIOS & Objet (주방가전),한국(Korea),92,193200000,134467742,21.3,85.2
LG-2026-0288,2026-08-12,H&A사업본부,WashTower & Tromm (리빙가전),유럽(Europe),171,410400000,303018673,23.7,97.5
LG-2026-0289,2026-06-13,H&A사업본부,DIOS & Objet (주방가전),인도·아시아(APAC),86,180600000,134154353,26.2,97.3
LG-2026-0290,2026-07-22,신성장구독랩,StanbyME & Care (신가전·시제품),북미(North America),98,112700000,73628806,31.6,92.6
LG-2026-0291,2026-04-12,에어솔루션사업본부,Whisen & HVAC (에어솔루션),인도·아시아(APAC),93,325500000,205749739,23.9,97.1
LG-2026-0292,2026-09-25,H&A사업본부,DIOS & Objet (주방가전),유럽(Europe),84,176400000,113203694,41.0,97.3
LG-2026-0293,2026-01-19,H&A사업본부,WashTower & Tromm (리빙가전),인도·아시아(APAC),44,105600000,68405276,25.6,90.0
LG-2026-0294,2026-05-16,신성장구독랩,StanbyME & Care (신가전·시제품),유럽(Europe),25,28750000,21409762,33.6,87.8
LG-2026-0295,2026-09-16,H&A사업본부,WashTower & Tromm (리빙가전),북미(North America),91,218400000,142287016,44.4,91.8
LG-2026-0296,2026-05-19,H&A사업본부,DIOS & Objet (주방가전),북미(North America),178,373800000,273368877,41.9,97.0
LG-2026-0297,2026-02-14,신성장구독랩,StanbyME & Care (신가전·시제품),북미(North America),98,112700000,76766874,37.5,86.3
LG-2026-0298,2026-07-21,HE사업본부,OLED evo (TV),한국(Korea),53,148400000,111152912,37.1,93.6
LG-2026-0299,2026-06-27,에어솔루션사업본부,Whisen & HVAC (에어솔루션),북미(North America),35,122500000,79476386,36.7,96.2
LG-2026-0300,2026-01-21,신성장구독랩,StanbyME & Care (신가전·시제품),유럽(Europe),106,121900000,93531671,42.3,86.4
LG-2026-0301,2026-06-21,에어솔루션사업본부,Whisen & HVAC (에어솔루션),유럽(Europe),153,535500000,362335867,30.9,91.8
LG-2026-0302,2026-01-24,신성장구독랩,StanbyME & Care (신가전·시제품),북미(North America),176,202400000,132693312,43.3,84.2
LG-2026-0303,2026-03-15,에어솔루션사업본부,Whisen & HVAC (에어솔루션),북미(North America),94,329000000,221177268,27.8,88.9
LG-2026-0304,2026-03-14,신성장구독랩,StanbyME & Care (신가전·시제품),유럽(Europe),83,95450000,67369026,19.4,96.6
LG-2026-0305,2026-03-17,H&A사업본부,DIOS & Objet (주방가전),인도·아시아(APAC),102,214200000,153820092,35.7,84.4
LG-2026-0306,2026-01-23,H&A사업본부,DIOS & Objet (주방가전),유럽(Europe),143,300300000,196224782,28.2,94.7
LG-2026-0307,2026-06-19,H&A사업본부,WashTower & Tromm (리빙가전),북미(North America),172,412800000,265371253,27.8,90.0
LG-2026-0308,2026-06-21,H&A사업본부,DIOS & Objet (주방가전),유럽(Europe),82,172200000,120489772,28.5,88.2
LG-2026-0309,2026-08-11,H&A사업본부,WashTower & Tromm (리빙가전),유럽(Europe),170,408000000,291910247,34.2,96.8
LG-2026-0310,2026-01-17,HE사업본부,OLED evo (TV),유럽(Europe),119,333200000,240290729,31.3,93.3
LG-2026-0311,2026-08-26,H&A사업본부,WashTower & Tromm (리빙가전),인도·아시아(APAC),108,259200000,196407421,18.2,89.6
LG-2026-0312,2026-09-16,H&A사업본부,DIOS & Objet (주방가전),인도·아시아(APAC),28,58800000,43361794,38.5,85.5
LG-2026-0313,2026-03-20,HE사업본부,OLED evo (TV),인도·아시아(APAC),118,330400000,212533067,42.2,87.2
LG-2026-0314,2026-01-26,H&A사업본부,WashTower & Tromm (리빙가전),인도·아시아(APAC),98,235200000,162914122,32.1,93.8
LG-2026-0315,2026-03-24,신성장구독랩,StanbyME & Care (신가전·시제품),북미(North America),160,0,119600000,29.5,86.4
LG-2026-0316,2026-08-19,H&A사업본부,WashTower & Tromm (리빙가전),인도·아시아(APAC),72,172800000,118777052,27.8,95.1
LG-2026-0317,2026-05-13,신성장구독랩,StanbyME & Care (신가전·시제품),유럽(Europe),122,140300000,104358208,21.6,87.6
LG-2026-0318,2026-06-13,에어솔루션사업본부,Whisen & HVAC (에어솔루션),인도·아시아(APAC),55,192500000,122094443,22.1,93.3
LG-2026-0319,2026-08-21,HE사업본부,OLED evo (TV),한국(Korea),53,148400000,101413263,32.5,92.7
LG-2026-0320,2026-02-26,H&A사업본부,WashTower & Tromm (리빙가전),유럽(Europe),119,285600000,177853961,34.9,
LG-2026-0321,2026-01-24,신성장구독랩,StanbyME & Care (신가전·시제품),한국(Korea),153,175950000,130787487,42.6,91.0
LG-2026-0322,2026-08-10,신성장구독랩,StanbyME & Care (신가전·시제품),인도·아시아(APAC),24,27600000,17534456,31.4,96.8
LG-2026-0323,2026-07-19,HE사업본부,OLED evo (TV),인도·아시아(APAC),27,75600000,51647131,32.5,89.1
LG-2026-0324,2026-09-28,신성장구독랩,StanbyME & Care (신가전·시제품),한국(Korea),129,148350000,102730998,33.0,90.9
LG-2026-0325,2026-05-14,에어솔루션사업본부,Whisen & HVAC (에어솔루션),북미(North America),134,469000000,343881729,23.7,93.5
LG-2026-0326,2026-07-11,H&A사업본부,DIOS & Objet (주방가전),유럽(Europe),114,239400000,186134112,46.8,91.8
LG-2026-0327,2026-08-18,신성장구독랩,StanbyME & Care (신가전·시제품),유럽(Europe),126,144900000,95574987,26.0,89.9
LG-2026-0328,2026-04-24,H&A사업본부,DIOS & Objet (주방가전),북미(North America),99,207900000,145281545,24.5,93.0
LG-2026-0329,2026-01-19,에어솔루션사업본부,Whisen & HVAC (에어솔루션),한국(Korea),74,259000000,200125156,42.8,89.3
LG-2026-0330,2026-04-16,HE사업본부,OLED evo (TV),한국(Korea),115,322000000,228427909,42.9,85.2
LG-2026-0331,2026-05-28,신성장구독랩,StanbyME & Care (신가전·시제품),북미(North America),136,156400000,101568101,27.3,84.7
LG-2026-0332,2026-01-24,H&A사업본부,WashTower & Tromm (리빙가전),북미(North America),110,264000000,171303218,33.1,89.6
LG-2026-0333,2026-04-23,H&A사업본부,WashTower & Tromm (리빙가전),한국(Korea),82,196800000,153064382,20.5,92.7
LG-2026-0334,2026-03-21,HE사업본부,OLED evo (TV),인도·아시아(APAC),104,291200000,217790074,46.5,96.0
LG-2026-0335,2026-08-19,H&A사업본부,DIOS & Objet (주방가전),한국(Korea),176,369600000,272079921,27.8,93.2
LG-2026-0336,2026-01-15,에어솔루션사업본부,Whisen & HVAC (에어솔루션),인도·아시아(APAC),47,164500000,123996888,20.6,84.7
LG-2026-0337,2026-07-22,H&A사업본부,WashTower & Tromm (리빙가전),인도·아시아(APAC),114,273600000,189014250,30.6,90.2
LG-2026-0338,2026-04-12,에어솔루션사업본부,Whisen & HVAC (에어솔루션),인도·아시아(APAC),171,598500000,378016399,37.7,89.1
LG-2026-0339,2026-05-10,신성장구독랩,StanbyME & Care (신가전·시제품),인도·아시아(APAC),84,96600000,68664636,33.4,85.3
LG-2026-0340,2026-07-15,신성장구독랩,StanbyME & Care (신가전·시제품),유럽(Europe),135,155250000,113408127,32.0,96.4
LG-2026-0341,2026-08-13,H&A사업본부,DIOS & Objet (주방가전),유럽(Europe),92,193200000,142485473,19.3,92.4
LG-2026-0342,2026-06-21,신성장구독랩,StanbyME & Care (신가전·시제품),한국(Korea),180,207000000,129337505,22.8,94.9
LG-2026-0343,2026-05-19,H&A사업본부,WashTower & Tromm (리빙가전),북미(North America),92,220800000,158004679,47.7,96.0
LG-2026-0344,2026-07-17,H&A사업본부,DIOS & Objet (주방가전),북미(North America),53,111300000,71981757,19.4,91.7
LG-2026-0345,2026-05-25,H&A사업본부,WashTower & Tromm (리빙가전),인도·아시아(APAC),95,228000000,154062172,44.3,93.3
LG-2026-0346,2026-08-20,에어솔루션사업본부,Whisen & HVAC (에어솔루션),북미(North America),150,525000000,407312149,39.7,95.1
LG-2026-0347,2026-02-22,신성장구독랩,StanbyME & Care (신가전·시제품),북미(North America),79,90850000,66042947,43.0,90.6
LG-2026-0348,2026-08-10,에어솔루션사업본부,Whisen & HVAC (에어솔루션),유럽(Europe),49,171500000,125561422,23.5,87.9
LG-2026-0349,2026-03-27,신성장구독랩,StanbyME & Care (신가전·시제품),인도·아시아(APAC),156,179400000,132137163,40.2,88.0
LG-2026-0350,2026-01-18,H&A사업본부,WashTower & Tromm (리빙가전),한국(Korea),97,232800000,149290245,28.3,97.3
LG-2026-0351,2026-01-18,HE사업본부,OLED evo (TV),유럽(Europe),98,274400000,210205109,30.7,91.8
LG-2026-0352,2026-02-22,H&A사업본부,WashTower & Tromm (리빙가전),유럽(Europe),88,211200000,149659830,22.7,95.0
LG-2026-0353,2026-02-23,신성장구독랩,StanbyME & Care (신가전·시제품),유럽(Europe),168,193200000,144081207,45.8,89.2
LG-2026-0354,2026-06-15,HE사업본부,OLED evo (TV),유럽(Europe),34,95200000,63009243,25.1,85.5
LG-2026-0355,2026-01-15,신성장구독랩,StanbyME & Care (신가전·시제품),한국(Korea),137,157550000,109031444,19.0,86.7
LG-2026-0356,2026-09-25,에어솔루션사업본부,Whisen & HVAC (에어솔루션),인도·아시아(APAC),175,612500000,470064731,27.2,89.0
LG-2026-0357,2026-04-14,HE사업본부,OLED evo (TV),북미(North America),24,67200000,41801624,22.0,85.3
LG-2026-0358,2026-08-25,H&A사업본부,WashTower & Tromm (리빙가전),북미(North America),171,410400000,258376502,26.0,89.1
LG-2026-0359,2026-09-25,H&A사업본부,WashTower & Tromm (리빙가전),북미(North America),47,112800000,78902481,44.4,89.8
LG-2026-0360,2026-04-16,H&A사업본부,WashTower & Tromm (리빙가전),유럽(Europe),24,57600000,40871458,28.5,
LG-2026-0361,2026-05-16,HE사업본부,OLED evo (TV),북미(North America),117,327600000,230850620,41.4,85.3
LG-2026-0362,2026-03-12,에어솔루션사업본부,Whisen & HVAC (에어솔루션),유럽(Europe),128,448000000,335706864,47.5,84.2
LG-2026-0363,2026-03-10,HE사업본부,OLED evo (TV),유럽(Europe),175,490000000,358296626,30.8,89.2
LG-2026-0364,2026-09-14,신성장구독랩,StanbyME & Care (신가전·시제품),한국(Korea),100,115000000,82945190,39.2,95.2
LG-2026-0365,2026-01-12,신성장구독랩,StanbyME & Care (신가전·시제품),한국(Korea),20,0,14950000,40.4,90.4
LG-2026-0366,2026-07-21,H&A사업본부,DIOS & Objet (주방가전),한국(Korea),119,249900000,172768694,46.8,84.9
LG-2026-0367,2026-02-18,신성장구독랩,StanbyME & Care (신가전·시제품),유럽(Europe),79,90850000,57626617,34.6,93.0
LG-2026-0368,2026-09-27,HE사업본부,OLED evo (TV),인도·아시아(APAC),59,165200000,107898510,28.1,94.7
LG-2026-0369,2026-04-16,H&A사업본부,WashTower & Tromm (리빙가전),유럽(Europe),180,432000000,300669337,41.7,89.1
LG-2026-0370,2026-05-15,H&A사업본부,DIOS & Objet (주방가전),유럽(Europe),152,319200000,203460127,23.1,97.0
LG-2026-0371,2026-04-20,H&A사업본부,WashTower & Tromm (리빙가전),한국(Korea),92,220800000,171909064,25.4,95.8
LG-2026-0372,2026-04-20,H&A사업본부,WashTower & Tromm (리빙가전),인도·아시아(APAC),135,324000000,206261420,34.5,96.7
LG-2026-0373,2026-06-16,신성장구독랩,StanbyME & Care (신가전·시제품),인도·아시아(APAC),159,182850000,130677817,21.6,95.6
LG-2026-0374,2026-02-12,H&A사업본부,DIOS & Objet (주방가전),북미(North America),168,352800000,239136434,44.3,97.3
LG-2026-0375,2026-05-11,신성장구독랩,StanbyME & Care (신가전·시제품),북미(North America),120,138000000,96298420,37.0,85.9
LG-2026-0376,2026-02-12,에어솔루션사업본부,Whisen & HVAC (에어솔루션),북미(North America),97,339500000,235534638,30.7,85.4
LG-2026-0377,2026-05-21,HE사업본부,OLED evo (TV),유럽(Europe),40,112000000,85410587,34.5,95.8
LG-2026-0378,2026-09-16,H&A사업본부,DIOS & Objet (주방가전),한국(Korea),156,327600000,236328081,32.7,92.4
LG-2026-0379,2026-05-17,신성장구독랩,StanbyME & Care (신가전·시제품),한국(Korea),22,25300000,17854113,35.8,94.1
LG-2026-0380,2026-08-10,HE사업본부,OLED evo (TV),한국(Korea),174,487200000,368523393,35.7,96.2
LG-2026-0381,2026-03-11,에어솔루션사업본부,Whisen & HVAC (에어솔루션),북미(North America),82,287000000,202997954,35.4,91.9
LG-2026-0382,2026-01-21,H&A사업본부,DIOS & Objet (주방가전),한국(Korea),22,46200000,33977871,47.3,92.0
LG-2026-0383,2026-07-20,HE사업본부,OLED evo (TV),유럽(Europe),101,282800000,178269107,35.6,85.4
LG-2026-0384,2026-03-10,HE사업본부,OLED evo (TV),유럽(Europe),30,84000000,55402216,33.8,88.0
LG-2026-0385,2026-03-19,HE사업본부,OLED evo (TV),유럽(Europe),94,263200000,194768947,21.0,89.2
LG-2026-0386,2026-03-11,HE사업본부,OLED evo (TV),인도·아시아(APAC),131,366800000,247096185,27.9,87.1
LG-2026-0387,2026-04-11,HE사업본부,OLED evo (TV),북미(North America),43,120400000,75025710,27.7,95.6
LG-2026-0388,2026-04-25,HE사업본부,OLED evo (TV),인도·아시아(APAC),18,50400000,37031833,28.3,92.7
LG-2026-0389,2026-08-15,HE사업본부,OLED evo (TV),북미(North America),18,50400000,34896435,21.7,96.1
LG-2026-0390,2026-01-18,H&A사업본부,DIOS & Objet (주방가전),유럽(Europe),92,193200000,145402424,26.5,94.9
LG-2026-0391,2026-02-16,신성장구독랩,StanbyME & Care (신가전·시제품),한국(Korea),51,58650000,43063802,41.6,92.8
LG-2026-0392,2026-09-13,H&A사업본부,WashTower & Tromm (리빙가전),북미(North America),16,38400000,26433250,19.1,93.9
LG-2026-0393,2026-07-13,H&A사업본부,DIOS & Objet (주방가전),인도·아시아(APAC),169,354900000,255957775,45.3,89.3
LG-2026-0394,2026-06-23,H&A사업본부,DIOS & Objet (주방가전),유럽(Europe),60,126000000,90274411,29.4,96.7
LG-2026-0395,2026-07-19,신성장구독랩,StanbyME & Care (신가전·시제품),인도·아시아(APAC),161,185150000,125443228,35.0,85.3
LG-2026-0396,2026-03-20,HE사업본부,OLED evo (TV),유럽(Europe),47,131600000,96816764,32.0,90.7
LG-2026-0397,2026-09-17,H&A사업본부,DIOS & Objet (주방가전),인도·아시아(APAC),97,203700000,158389193,19.8,84.6
LG-2026-0398,2026-08-20,H&A사업본부,DIOS & Objet (주방가전),북미(North America),69,144900000,98390614,27.9,91.8
LG-2026-0399,2026-01-21,에어솔루션사업본부,Whisen & HVAC (에어솔루션),북미(North America),140,490000000,338699868,26.1,96.8
LG-2026-0400,2026-06-28,H&A사업본부,WashTower & Tromm (리빙가전),북미(North America),91,218400000,156302853,33.4,
LG-2026-0401,2026-01-25,HE사업본부,OLED evo (TV),인도·아시아(APAC),84,235200000,147148259,47.3,93.9
LG-2026-0402,2026-09-20,H&A사업본부,WashTower & Tromm (리빙가전),한국(Korea),40,96000000,61863354,37.4,95.9
LG-2026-0403,2026-04-19,신성장구독랩,StanbyME & Care (신가전·시제품),인도·아시아(APAC),175,201250000,152199404,29.4,87.2
LG-2026-0404,2026-06-24,에어솔루션사업본부,Whisen & HVAC (에어솔루션),한국(Korea),89,311500000,234377316,33.0,93.1
LG-2026-0405,2026-02-23,H&A사업본부,WashTower & Tromm (리빙가전),유럽(Europe),43,103200000,64849728,41.7,85.4
LG-2026-0406,2026-02-24,H&A사업본부,DIOS & Objet (주방가전),인도·아시아(APAC),111,233100000,144767415,30.2,93.6
LG-2026-0407,2026-07-21,H&A사업본부,WashTower & Tromm (리빙가전),북미(North America),72,172800000,125102354,37.9,89.8
LG-2026-0408,2026-07-26,에어솔루션사업본부,Whisen & HVAC (에어솔루션),유럽(Europe),147,514500000,344618390,32.2,85.8
LG-2026-0409,2026-06-22,H&A사업본부,WashTower & Tromm (리빙가전),한국(Korea),154,369600000,246031292,32.9,85.8
LG-2026-0410,2026-03-16,H&A사업본부,DIOS & Objet (주방가전),북미(North America),68,142800000,101962927,39.1,95.7
LG-2026-0411,2026-08-27,신성장구독랩,StanbyME & Care (신가전·시제품),인도·아시아(APAC),53,60950000,41533743,25.1,93.2
LG-2026-0412,2026-05-13,에어솔루션사업본부,Whisen & HVAC (에어솔루션),한국(Korea),177,619500000,391677415,25.9,84.6
LG-2026-0413,2026-03-26,신성장구독랩,StanbyME & Care (신가전·시제품),한국(Korea),140,161000000,109398171,42.1,92.7
LG-2026-0414,2026-04-15,신성장구독랩,StanbyME & Care (신가전·시제품),한국(Korea),63,72450000,48775941,47.3,97.2
LG-2026-0415,2026-01-20,신성장구독랩,StanbyME & Care (신가전·시제품),유럽(Europe),111,0,82972500,24.4,91.6
LG-2026-0416,2026-08-25,에어솔루션사업본부,Whisen & HVAC (에어솔루션),북미(North America),32,112000000,79874578,39.6,97.4
LG-2026-0417,2026-05-23,HE사업본부,OLED evo (TV),한국(Korea),51,142800000,109295238,20.7,97.4
LG-2026-0418,2026-06-28,H&A사업본부,DIOS & Objet (주방가전),북미(North America),74,155400000,117005227,42.1,87.0
LG-2026-0419,2026-01-21,H&A사업본부,DIOS & Objet (주방가전),인도·아시아(APAC),101,212100000,157686619,45.7,89.7
LG-2026-0420,2026-05-14,신성장구독랩,StanbyME & Care (신가전·시제품),한국(Korea),86,98900000,70670533,33.1,95.6
LG-2026-0421,2026-06-26,신성장구독랩,StanbyME & Care (신가전·시제품),유럽(Europe),71,81650000,55694891,42.3,89.6
LG-2026-0422,2026-08-12,H&A사업본부,DIOS & Objet (주방가전),인도·아시아(APAC),112,235200000,173241814,41.0,93.7
LG-2026-0423,2026-07-27,H&A사업본부,WashTower & Tromm (리빙가전),유럽(Europe),107,256800000,189150247,41.5,88.2
LG-2026-0424,2026-01-11,에어솔루션사업본부,Whisen & HVAC (에어솔루션),인도·아시아(APAC),74,259000000,191427943,45.1,90.2
LG-2026-0425,2026-07-19,HE사업본부,OLED evo (TV),인도·아시아(APAC),94,263200000,182753212,28.6,92.7
LG-2026-0426,2026-09-12,에어솔루션사업본부,Whisen & HVAC (에어솔루션),한국(Korea),52,182000000,137359189,38.3,91.1
LG-2026-0427,2026-02-10,에어솔루션사업본부,Whisen & HVAC (에어솔루션),유럽(Europe),22,77000000,55890071,32.3,85.0
LG-2026-0428,2026-08-20,H&A사업본부,WashTower & Tromm (리빙가전),북미(North America),98,235200000,179783721,18.8,87.7
LG-2026-0429,2026-05-12,H&A사업본부,WashTower & Tromm (리빙가전),북미(North America),81,194400000,139211695,35.0,84.4
LG-2026-0430,2026-05-19,HE사업본부,OLED evo (TV),북미(North America),158,442400000,296216156,40.7,88.4
LG-2026-0431,2026-05-22,에어솔루션사업본부,Whisen & HVAC (에어솔루션),인도·아시아(APAC),19,66500000,51286351,35.5,85.1
LG-2026-0432,2026-02-18,H&A사업본부,WashTower & Tromm (리빙가전),인도·아시아(APAC),145,348000000,221783712,28.8,95.9
LG-2026-0433,2026-03-12,HE사업본부,OLED evo (TV),한국(Korea),73,204400000,131720964,20.4,88.1
LG-2026-0434,2026-03-10,H&A사업본부,DIOS & Objet (주방가전),북미(North America),135,283500000,176315596,28.1,88.3
LG-2026-0435,2026-01-12,HE사업본부,OLED evo (TV),한국(Korea),57,159600000,105863086,46.9,91.2
LG-2026-0436,2026-09-24,H&A사업본부,DIOS & Objet (주방가전),북미(North America),49,102900000,65574777,32.3,95.2
LG-2026-0437,2026-08-13,에어솔루션사업본부,Whisen & HVAC (에어솔루션),한국(Korea),143,500500000,370508822,42.2,84.7
LG-2026-0438,2026-06-23,H&A사업본부,DIOS & Objet (주방가전),인도·아시아(APAC),156,327600000,254365815,44.5,92.6
LG-2026-0439,2026-02-25,HE사업본부,OLED evo (TV),북미(North America),73,204400000,157937075,36.7,87.8
LG-2026-0440,2026-05-23,H&A사업본부,WashTower & Tromm (리빙가전),한국(Korea),38,91200000,57025959,39.9,
LG-2026-0441,2026-05-22,신성장구독랩,StanbyME & Care (신가전·시제품),한국(Korea),168,193200000,144741120,47.5,96.5
LG-2026-0442,2026-04-14,H&A사업본부,DIOS & Objet (주방가전),북미(North America),159,333900000,233718751,33.7,94.8
LG-2026-0443,2026-07-17,H&A사업본부,DIOS & Objet (주방가전),인도·아시아(APAC),148,310800000,202609333,23.0,85.5
LG-2026-0444,2026-01-13,에어솔루션사업본부,Whisen & HVAC (에어솔루션),한국(Korea),131,458500000,331998027,18.6,91.3
LG-2026-0445,2026-02-21,에어솔루션사업본부,Whisen & HVAC (에어솔루션),한국(Korea),146,511000000,377512786,23.4,97.3
LG-2026-0446,2026-01-16,H&A사업본부,WashTower & Tromm (리빙가전),인도·아시아(APAC),84,201600000,151110335,39.3,97.0
LG-2026-0447,2026-02-11,HE사업본부,OLED evo (TV),유럽(Europe),141,394800000,270660578,26.0,90.8
LG-2026-0448,2026-05-17,에어솔루션사업본부,Whisen & HVAC (에어솔루션),유럽(Europe),59,206500000,158143720,32.2,91.9
LG-2026-0449,2026-09-23,신성장구독랩,StanbyME & Care (신가전·시제품),유럽(Europe),172,197800000,144427246,47.3,89.3
LG-2026-0450,2026-08-11,H&A사업본부,WashTower & Tromm (리빙가전),인도·아시아(APAC),24,57600000,41746804,21.9,89.2
LG-2026-0451,2026-06-10,H&A사업본부,DIOS & Objet (주방가전),한국(Korea),140,294000000,197535511,20.6,84.3
LG-2026-0452,2026-04-28,신성장구독랩,StanbyME & Care (신가전·시제품),인도·아시아(APAC),73,83950000,62293248,46.3,91.7
LG-2026-0453,2026-01-21,H&A사업본부,WashTower & Tromm (리빙가전),북미(North America),44,105600000,80655704,19.2,90.7
LG-2026-0454,2026-09-16,에어솔루션사업본부,Whisen & HVAC (에어솔루션),인도·아시아(APAC),82,287000000,217515733,37.9,91.8
LG-2026-0455,2026-04-18,신성장구독랩,StanbyME & Care (신가전·시제품),북미(North America),83,95450000,68894186,18.1,91.4
LG-2026-0456,2026-09-24,HE사업본부,OLED evo (TV),유럽(Europe),70,196000000,130453976,27.1,95.9
LG-2026-0457,2026-04-12,신성장구독랩,StanbyME & Care (신가전·시제품),유럽(Europe),106,121900000,78871618,26.8,96.9
LG-2026-0458,2026-07-15,H&A사업본부,WashTower & Tromm (리빙가전),유럽(Europe),33,79200000,54814517,35.6,94.3
LG-2026-0459,2026-05-18,HE사업본부,OLED evo (TV),인도·아시아(APAC),27,75600000,47902671,38.1,90.4
LG-2026-0460,2026-08-11,HE사업본부,OLED evo (TV),인도·아시아(APAC),109,305200000,197490738,22.7,86.5
LG-2026-0461,2026-02-20,H&A사업본부,WashTower & Tromm (리빙가전),북미(North America),133,319200000,240677830,33.0,86.4
LG-2026-0462,2026-01-14,신성장구독랩,StanbyME & Care (신가전·시제품),한국(Korea),81,93150000,68063618,40.0,89.8
LG-2026-0463,2026-07-20,H&A사업본부,WashTower & Tromm (리빙가전),유럽(Europe),180,432000000,281411595,26.1,96.5
LG-2026-0464,2026-04-13,H&A사업본부,DIOS & Objet (주방가전),북미(North America),95,199500000,130723499,22.5,87.5
LG-2026-0465,2026-05-13,신성장구독랩,StanbyME & Care (신가전·시제품),유럽(Europe),16,0,11960000,47.8,87.0
LG-2026-0466,2026-05-20,H&A사업본부,DIOS & Objet (주방가전),유럽(Europe),164,344400000,225245841,41.0,93.3
LG-2026-0467,2026-03-16,H&A사업본부,WashTower & Tromm (리빙가전),인도·아시아(APAC),102,244800000,184290107,39.1,86.5
LG-2026-0468,2026-06-11,H&A사업본부,WashTower & Tromm (리빙가전),유럽(Europe),146,350400000,244630587,47.0,88.1
LG-2026-0469,2026-05-28,H&A사업본부,WashTower & Tromm (리빙가전),북미(North America),59,141600000,99169653,43.9,85.9
LG-2026-0470,2026-06-15,H&A사업본부,WashTower & Tromm (리빙가전),북미(North America),132,316800000,197345283,40.9,95.8
LG-2026-0471,2026-09-20,HE사업본부,OLED evo (TV),유럽(Europe),163,456400000,338183658,18.4,88.6
LG-2026-0472,2026-05-17,에어솔루션사업본부,Whisen & HVAC (에어솔루션),한국(Korea),84,294000000,209947997,27.2,94.5
LG-2026-0473,2026-05-13,H&A사업본부,WashTower & Tromm (리빙가전),유럽(Europe),152,364800000,261263632,33.2,94.6
LG-2026-0474,2026-08-23,H&A사업본부,DIOS & Objet (주방가전),인도·아시아(APAC),94,197400000,124609902,23.4,86.9
LG-2026-0475,2026-09-28,H&A사업본부,WashTower & Tromm (리빙가전),한국(Korea),178,427200000,291405121,26.9,89.3
LG-2026-0476,2026-05-12,에어솔루션사업본부,Whisen & HVAC (에어솔루션),인도·아시아(APAC),38,133000000,100325751,41.8,87.6
LG-2026-0477,2026-09-12,HE사업본부,OLED evo (TV),한국(Korea),112,313600000,240697319,22.2,89.0
LG-2026-0478,2026-08-20,H&A사업본부,DIOS & Objet (주방가전),인도·아시아(APAC),64,134400000,88499583,40.5,94.6
LG-2026-0479,2026-02-17,H&A사업본부,DIOS & Objet (주방가전),북미(North America),45,94500000,59385867,18.9,94.3
LG-2026-0480,2026-06-18,H&A사업본부,WashTower & Tromm (리빙가전),유럽(Europe),40,96000000,60318948,46.9,
LG-2026-0481,2026-02-23,신성장구독랩,StanbyME & Care (신가전·시제품),한국(Korea),98,112700000,83447514,21.0,93.1
LG-2026-0482,2026-05-16,H&A사업본부,WashTower & Tromm (리빙가전),한국(Korea),129,309600000,202890635,29.9,94.8
LG-2026-0483,2026-04-25,신성장구독랩,StanbyME & Care (신가전·시제품),유럽(Europe),166,190900000,127316475,28.0,87.4
LG-2026-0484,2026-01-13,HE사업본부,OLED evo (TV),북미(North America),99,277200000,172231332,22.6,95.8
LG-2026-0485,2026-06-11,HE사업본부,OLED evo (TV),유럽(Europe),159,445200000,298127666,25.2,85.8
LG-2026-0486,2026-04-16,신성장구독랩,StanbyME & Care (신가전·시제품),북미(North America),135,155250000,102165230,46.5,86.1
LG-2026-0487,2026-09-11,에어솔루션사업본부,Whisen & HVAC (에어솔루션),인도·아시아(APAC),157,549500000,421938788,27.3,89.3
LG-2026-0488,2026-08-28,HE사업본부,OLED evo (TV),인도·아시아(APAC),117,327600000,216054472,18.7,88.2
LG-2026-0489,2026-05-25,에어솔루션사업본부,Whisen & HVAC (에어솔루션),한국(Korea),46,161000000,108849138,33.2,90.7
LG-2026-0490,2026-05-26,에어솔루션사업본부,Whisen & HVAC (에어솔루션),인도·아시아(APAC),126,441000000,304374875,26.4,94.4
LG-2026-0491,2026-02-27,H&A사업본부,WashTower & Tromm (리빙가전),북미(North America),21,50400000,37264553,24.6,91.7
LG-2026-0492,2026-04-16,H&A사업본부,DIOS & Objet (주방가전),인도·아시아(APAC),74,155400000,118392062,25.6,87.8
LG-2026-0493,2026-05-28,H&A사업본부,DIOS & Objet (주방가전),유럽(Europe),163,342300000,251664092,25.4,93.8
LG-2026-0494,2026-03-10,에어솔루션사업본부,Whisen & HVAC (에어솔루션),한국(Korea),45,157500000,103762036,45.8,95.2
LG-2026-0495,2026-03-25,HE사업본부,OLED evo (TV),인도·아시아(APAC),46,128800000,81166364,29.6,97.1
LG-2026-0496,2026-02-26,HE사업본부,OLED evo (TV),북미(North America),66,184800000,135283497,40.9,88.2
LG-2026-0497,2026-04-23,신성장구독랩,StanbyME & Care (신가전·시제품),인도·아시아(APAC),121,139150000,93145932,41.4,88.2
LG-2026-0498,2026-09-22,H&A사업본부,DIOS & Objet (주방가전),유럽(Europe),101,212100000,151503986,19.1,89.9
LG-2026-0499,2026-02-14,H&A사업본부,DIOS & Objet (주방가전),유럽(Europe),42,88200000,65878659,32.3,90.4
LG-2026-0500,2026-01-15,에어솔루션사업본부,Whisen & HVAC (에어솔루션),인도·아시아(APAC),91,318500000,246860155,46.4,86.1
LG-2026-0501,2026-09-26,신성장구독랩,StanbyME & Care (신가전·시제품),유럽(Europe),170,195500000,148048119,41.8,97.1
LG-2026-0502,2026-06-28,HE사업본부,OLED evo (TV),한국(Korea),37,103600000,72827444,25.3,85.8
LG-2026-0503,2026-06-19,신성장구독랩,StanbyME & Care (신가전·시제품),한국(Korea),154,177100000,116591461,42.7,96.6
LG-2026-0504,2026-04-15,에어솔루션사업본부,Whisen & HVAC (에어솔루션),북미(North America),92,322000000,233921611,46.8,86.0
LG-2026-0505,2026-08-22,에어솔루션사업본부,Whisen & HVAC (에어솔루션),한국(Korea),75,262500000,172095705,41.4,91.5
LG-2026-0506,2026-09-12,H&A사업본부,DIOS & Objet (주방가전),한국(Korea),57,119700000,85555904,33.6,88.5
LG-2026-0507,2026-08-13,HE사업본부,OLED evo (TV),북미(North America),173,484400000,375438124,38.4,89.4
LG-2026-0508,2026-06-22,H&A사업본부,WashTower & Tromm (리빙가전),북미(North America),133,319200000,229721143,27.1,92.9
LG-2026-0509,2026-07-15,H&A사업본부,WashTower & Tromm (리빙가전),한국(Korea),167,400800000,260768444,28.4,97.4
LG-2026-0510,2026-06-14,H&A사업본부,WashTower & Tromm (리빙가전),북미(North America),133,319200000,241130546,31.3,97.5
LG-2026-0511,2026-06-27,H&A사업본부,WashTower & Tromm (리빙가전),인도·아시아(APAC),29,69600000,49975244,22.7,87.0
LG-2026-0512,2026-09-14,H&A사업본부,DIOS & Objet (주방가전),유럽(Europe),154,323400000,206491454,24.5,95.6
LG-2026-0513,2026-09-28,에어솔루션사업본부,Whisen & HVAC (에어솔루션),인도·아시아(APAC),83,290500000,194480031,45.5,96.6
LG-2026-0514,2026-08-17,신성장구독랩,StanbyME & Care (신가전·시제품),한국(Korea),61,70150000,53609678,43.9,91.2
LG-2026-0515,2026-01-15,신성장구독랩,StanbyME & Care (신가전·시제품),유럽(Europe),157,0,117357500,30.7,87.7
LG-2026-0516,2026-08-27,H&A사업본부,WashTower & Tromm (리빙가전),유럽(Europe),171,410400000,318211731,38.5,84.5
LG-2026-0517,2026-03-12,H&A사업본부,DIOS & Objet (주방가전),북미(North America),97,203700000,141936051,38.9,89.0
LG-2026-0518,2026-04-28,에어솔루션사업본부,Whisen & HVAC (에어솔루션),북미(North America),63,220500000,153100001,43.7,88.9
LG-2026-0519,2026-01-13,HE사업본부,OLED evo (TV),유럽(Europe),133,372400000,288429289,47.9,94.6
LG-2026-0520,2026-05-23,H&A사업본부,WashTower & Tromm (리빙가전),인도·아시아(APAC),46,110400000,79856650,44.6,
LG-2026-0521,2026-09-24,HE사업본부,OLED evo (TV),유럽(Europe),106,296800000,198800470,20.0,93.1
LG-2026-0522,2026-04-10,H&A사업본부,WashTower & Tromm (리빙가전),유럽(Europe),104,249600000,165085320,34.2,89.6
LG-2026-0523,2026-02-10,H&A사업본부,DIOS & Objet (주방가전),유럽(Europe),141,296100000,217796282,24.4,87.5
LG-2026-0524,2026-01-17,신성장구독랩,StanbyME & Care (신가전·시제품),한국(Korea),162,186300000,138761322,20.3,86.6
LG-2026-0525,2026-04-14,에어솔루션사업본부,Whisen & HVAC (에어솔루션),북미(North America),70,245000000,185488694,36.2,86.0
LG-2026-0526,2026-06-24,에어솔루션사업본부,Whisen & HVAC (에어솔루션),인도·아시아(APAC),174,609000000,452439346,34.8,86.6
LG-2026-0527,2026-08-27,H&A사업본부,WashTower & Tromm (리빙가전),인도·아시아(APAC),71,170400000,129753070,28.8,89.0
LG-2026-0528,2026-02-16,H&A사업본부,WashTower & Tromm (리빙가전),인도·아시아(APAC),15,36000000,25452226,22.5,92.9
LG-2026-0529,2026-01-24,신성장구독랩,StanbyME & Care (신가전·시제품),유럽(Europe),84,96600000,63219922,43.1,97.3
LG-2026-0530,2026-09-15,H&A사업본부,WashTower & Tromm (리빙가전),유럽(Europe),90,216000000,144564855,26.2,88.6
LG-2026-0531,2026-08-16,H&A사업본부,WashTower & Tromm (리빙가전),인도·아시아(APAC),144,345600000,234628398,29.2,87.9
LG-2026-0532,2026-05-19,HE사업본부,OLED evo (TV),인도·아시아(APAC),82,229600000,167021655,19.0,85.9
LG-2026-0533,2026-05-12,에어솔루션사업본부,Whisen & HVAC (에어솔루션),북미(North America),178,623000000,414127186,35.4,85.2
LG-2026-0534,2026-05-13,H&A사업본부,DIOS & Objet (주방가전),한국(Korea),21,44100000,33519829,36.8,85.6
LG-2026-0535,2026-01-12,H&A사업본부,DIOS & Objet (주방가전),인도·아시아(APAC),119,249900000,194095178,41.8,93.0
LG-2026-0536,2026-07-18,신성장구독랩,StanbyME & Care (신가전·시제품),한국(Korea),81,93150000,62275779,22.4,88.6
LG-2026-0537,2026-09-17,신성장구독랩,StanbyME & Care (신가전·시제품),북미(North America),121,139150000,108062489,19.7,94.1
LG-2026-0538,2026-03-27,신성장구독랩,StanbyME & Care (신가전·시제품),인도·아시아(APAC),91,104650000,75409656,45.7,94.1
LG-2026-0539,2026-09-19,에어솔루션사업본부,Whisen & HVAC (에어솔루션),한국(Korea),176,616000000,477854204,35.4,92.5
LG-2026-0540,2026-03-18,H&A사업본부,WashTower & Tromm (리빙가전),인도·아시아(APAC),29,69600000,53640872,27.1,89.9
LG-2026-0541,2026-07-18,H&A사업본부,DIOS & Objet (주방가전),한국(Korea),40,84000000,56993632,19.8,96.8
LG-2026-0542,2026-02-28,에어솔루션사업본부,Whisen & HVAC (에어솔루션),유럽(Europe),140,490000000,372258219,21.6,93.5
LG-2026-0543,2026-04-14,에어솔루션사업본부,Whisen & HVAC (에어솔루션),인도·아시아(APAC),84,294000000,228932800,33.8,90.4
LG-2026-0544,2026-04-21,신성장구독랩,StanbyME & Care (신가전·시제품),유럽(Europe),122,140300000,106822432,38.9,85.6
LG-2026-0545,2026-09-24,H&A사업본부,DIOS & Objet (주방가전),북미(North America),149,312900000,217605487,45.6,95.0
LG-2026-0546,2026-03-21,H&A사업본부,DIOS & Objet (주방가전),유럽(Europe),63,132300000,89431435,24.5,87.1
LG-2026-0547,2026-08-25,HE사업본부,OLED evo (TV),한국(Korea),174,487200000,315836326,35.1,85.8
LG-2026-0548,2026-06-19,에어솔루션사업본부,Whisen & HVAC (에어솔루션),인도·아시아(APAC),163,570500000,388576454,45.1,89.5
LG-2026-0549,2026-03-12,H&A사업본부,WashTower & Tromm (리빙가전),인도·아시아(APAC),58,139200000,101478316,39.4,88.8
LG-2026-0550,2026-06-11,에어솔루션사업본부,Whisen & HVAC (에어솔루션),인도·아시아(APAC),147,514500000,389826041,21.9,84.9
LG-2026-0551,2026-06-13,신성장구독랩,StanbyME & Care (신가전·시제품),유럽(Europe),164,188600000,122721858,24.0,94.0
LG-2026-0552,2026-07-20,에어솔루션사업본부,Whisen & HVAC (에어솔루션),인도·아시아(APAC),138,483000000,340935168,38.9,87.8
LG-2026-0553,2026-09-12,HE사업본부,OLED evo (TV),북미(North America),27,75600000,53269373,32.4,86.6
LG-2026-0554,2026-04-12,HE사업본부,OLED evo (TV),북미(North America),160,448000000,322998446,23.4,84.9
LG-2026-0555,2026-08-13,HE사업본부,OLED evo (TV),한국(Korea),75,210000000,156124182,29.2,86.9
LG-2026-0556,2026-01-11,에어솔루션사업본부,Whisen & HVAC (에어솔루션),인도·아시아(APAC),151,528500000,358722542,29.9,93.8
LG-2026-0557,2026-06-20,H&A사업본부,WashTower & Tromm (리빙가전),인도·아시아(APAC),124,297600000,228053382,43.1,86.7
LG-2026-0558,2026-03-17,에어솔루션사업본부,Whisen & HVAC (에어솔루션),북미(North America),62,217000000,161387777,18.8,84.6
LG-2026-0559,2026-05-10,에어솔루션사업본부,Whisen & HVAC (에어솔루션),유럽(Europe),99,346500000,217461807,45.6,95.5
LG-2026-0560,2026-08-15,H&A사업본부,WashTower & Tromm (리빙가전),인도·아시아(APAC),79,189600000,117947982,34.6,
LG-2026-0561,2026-04-17,H&A사업본부,DIOS & Objet (주방가전),유럽(Europe),158,331800000,250627337,35.6,85.9
LG-2026-0562,2026-05-10,HE사업본부,OLED evo (TV),북미(North America),53,148400000,106139450,20.3,96.6
LG-2026-0563,2026-06-18,에어솔루션사업본부,Whisen & HVAC (에어솔루션),한국(Korea),106,371000000,254119247,33.2,89.8
LG-2026-0564,2026-07-18,에어솔루션사업본부,Whisen & HVAC (에어솔루션),인도·아시아(APAC),30,105000000,73233492,28.5,90.9
LG-2026-0565,2026-05-28,신성장구독랩,StanbyME & Care (신가전·시제품),북미(North America),151,0,112872500,19.4,86.4
LG-2026-0566,2026-02-21,H&A사업본부,WashTower & Tromm (리빙가전),인도·아시아(APAC),125,300000000,220778452,35.9,89.7
LG-2026-0567,2026-03-13,H&A사업본부,DIOS & Objet (주방가전),북미(North America),135,283500000,176989297,27.8,90.3
LG-2026-0568,2026-08-18,H&A사업본부,DIOS & Objet (주방가전),인도·아시아(APAC),53,111300000,72620212,39.7,89.6
LG-2026-0569,2026-09-14,에어솔루션사업본부,Whisen & HVAC (에어솔루션),한국(Korea),67,234500000,146616979,32.4,91.5
LG-2026-0570,2026-01-16,에어솔루션사업본부,Whisen & HVAC (에어솔루션),북미(North America),94,329000000,212965997,32.9,84.9
LG-2026-0571,2026-07-25,H&A사업본부,DIOS & Objet (주방가전),인도·아시아(APAC),53,111300000,80340258,31.7,89.1
LG-2026-0572,2026-05-15,신성장구독랩,StanbyME & Care (신가전·시제품),유럽(Europe),128,147200000,106350253,24.5,95.8
LG-2026-0573,2026-03-23,H&A사업본부,WashTower & Tromm (리빙가전),인도·아시아(APAC),136,326400000,204652631,47.9,92.6
LG-2026-0574,2026-01-19,HE사업본부,OLED evo (TV),한국(Korea),40,112000000,72936225,32.9,88.4
LG-2026-0575,2026-03-10,H&A사업본부,DIOS & Objet (주방가전),유럽(Europe),105,220500000,150392134,40.7,87.2
LG-2026-0576,2026-01-10,HE사업본부,OLED evo (TV),북미(North America),33,92400000,67545477,29.1,92.9
LG-2026-0577,2026-01-26,H&A사업본부,WashTower & Tromm (리빙가전),인도·아시아(APAC),106,254400000,185403363,21.8,96.7
LG-2026-0578,2026-07-17,H&A사업본부,WashTower & Tromm (리빙가전),인도·아시아(APAC),90,216000000,138229323,22.4,97.1
LG-2026-0579,2026-09-18,H&A사업본부,WashTower & Tromm (리빙가전),한국(Korea),58,139200000,88683242,30.0,91.5
LG-2026-0580,2026-08-23,H&A사업본부,WashTower & Tromm (리빙가전),북미(North America),136,326400000,228330790,29.9,85.9
LG-2026-0581,2026-01-23,H&A사업본부,DIOS & Objet (주방가전),인도·아시아(APAC),134,281400000,182691087,29.0,94.2
LG-2026-0582,2026-08-25,에어솔루션사업본부,Whisen & HVAC (에어솔루션),북미(North America),142,497000000,329600911,41.4,85.0
LG-2026-0583,2026-02-14,HE사업본부,OLED evo (TV),인도·아시아(APAC),73,204400000,159039318,28.6,94.7
LG-2026-0584,2026-09-25,신성장구독랩,StanbyME & Care (신가전·시제품),인도·아시아(APAC),54,62100000,41099582,25.0,88.4
LG-2026-0585,2026-08-25,H&A사업본부,WashTower & Tromm (리빙가전),한국(Korea),48,115200000,81973430,46.3,84.2
LG-2026-0586,2026-01-20,신성장구독랩,StanbyME & Care (신가전·시제품),인도·아시아(APAC),47,54050000,37931381,29.9,86.1
LG-2026-0587,2026-02-12,H&A사업본부,DIOS & Objet (주방가전),유럽(Europe),79,165900000,125607329,38.5,90.1
LG-2026-0588,2026-04-21,에어솔루션사업본부,Whisen & HVAC (에어솔루션),유럽(Europe),105,367500000,241908143,31.3,89.1
LG-2026-0589,2026-09-16,HE사업본부,OLED evo (TV),한국(Korea),62,173600000,111699665,39.2,91.1
LG-2026-0590,2026-08-11,H&A사업본부,WashTower & Tromm (리빙가전),유럽(Europe),75,180000000,118296442,29.4,92.4
LG-2026-0591,2026-02-27,H&A사업본부,DIOS & Objet (주방가전),인도·아시아(APAC),180,378000000,294467893,19.3,87.5
LG-2026-0592,2026-05-11,H&A사업본부,DIOS & Objet (주방가전),인도·아시아(APAC),153,321300000,229397616,23.0,84.3
LG-2026-0593,2026-04-27,H&A사업본부,DIOS & Objet (주방가전),북미(North America),174,365400000,281356879,23.4,94.2
LG-2026-0594,2026-02-22,에어솔루션사업본부,Whisen & HVAC (에어솔루션),인도·아시아(APAC),126,441000000,303784132,31.0,87.9
LG-2026-0595,2026-08-10,에어솔루션사업본부,Whisen & HVAC (에어솔루션),한국(Korea),155,542500000,393826163,33.5,93.4
LG-2026-0596,2026-01-26,신성장구독랩,StanbyME & Care (신가전·시제품),북미(North America),106,121900000,78359217,28.2,88.4
LG-2026-0597,2026-02-20,신성장구독랩,StanbyME & Care (신가전·시제품),한국(Korea),54,62100000,41781045,41.3,94.1
LG-2026-0598,2026-04-25,에어솔루션사업본부,Whisen & HVAC (에어솔루션),유럽(Europe),180,630000000,417012942,46.2,96.0
LG-2026-0599,2026-08-13,H&A사업본부,WashTower & Tromm (리빙가전),북미(North America),23,55200000,36377536,23.5,92.2
LG-2026-0600,2026-08-15,H&A사업본부,WashTower & Tromm (리빙가전),북미(North America),125,300000000,201285697,37.1,
LG-2026-0601,2026-07-10,HE사업본부,OLED evo (TV),인도·아시아(APAC),125,350000000,269705485,40.3,92.1
LG-2026-0602,2026-06-26,HE사업본부,OLED evo (TV),북미(North America),79,221200000,168856382,24.8,91.8
LG-2026-0603,2026-08-26,H&A사업본부,DIOS & Objet (주방가전),유럽(Europe),142,298200000,220715785,41.4,85.2
LG-2026-0604,2026-08-24,H&A사업본부,DIOS & Objet (주방가전),유럽(Europe),174,365400000,234878151,37.6,88.7
LG-2026-0605,2026-06-11,H&A사업본부,DIOS & Objet (주방가전),인도·아시아(APAC),161,338100000,242893932,38.2,94.8
LG-2026-0606,2026-02-10,HE사업본부,OLED evo (TV),유럽(Europe),103,288400000,218394131,38.5,93.0
LG-2026-0607,2026-06-23,에어솔루션사업본부,Whisen & HVAC (에어솔루션),한국(Korea),144,504000000,355294238,27.9,85.6
LG-2026-0608,2026-01-18,H&A사업본부,WashTower & Tromm (리빙가전),북미(North America),106,254400000,194791678,32.0,88.9
LG-2026-0609,2026-05-18,에어솔루션사업본부,Whisen & HVAC (에어솔루션),북미(North America),54,189000000,137789144,39.7,96.7
LG-2026-0610,2026-06-18,HE사업본부,OLED evo (TV),한국(Korea),92,257600000,172052694,18.2,91.8
LG-2026-0611,2026-03-26,H&A사업본부,WashTower & Tromm (리빙가전),유럽(Europe),28,67200000,43731399,36.9,93.8
LG-2026-0612,2026-06-24,에어솔루션사업본부,Whisen & HVAC (에어솔루션),유럽(Europe),60,210000000,154434582,36.5,89.4
LG-2026-0613,2026-04-21,H&A사업본부,WashTower & Tromm (리빙가전),인도·아시아(APAC),175,420000000,290909261,21.5,93.4
LG-2026-0614,2026-06-22,에어솔루션사업본부,Whisen & HVAC (에어솔루션),유럽(Europe),46,161000000,100813423,42.7,96.0
LG-2026-0615,2026-02-20,신성장구독랩,StanbyME & Care (신가전·시제품),한국(Korea),93,0,69517500,25.5,91.7
LG-2026-0616,2026-08-20,HE사업본부,OLED evo (TV),인도·아시아(APAC),170,476000000,319315896,41.3,91.5
LG-2026-0617,2026-08-18,신성장구독랩,StanbyME & Care (신가전·시제품),인도·아시아(APAC),131,150650000,97612675,43.7,94.6
LG-2026-0618,2026-01-27,HE사업본부,OLED evo (TV),북미(North America),135,378000000,265094682,21.4,96.1
LG-2026-0619,2026-03-17,HE사업본부,OLED evo (TV),유럽(Europe),46,128800000,85702077,27.2,92.8
LG-2026-0620,2026-08-12,에어솔루션사업본부,Whisen & HVAC (에어솔루션),인도·아시아(APAC),46,161000000,117832895,42.0,88.1
LG-2026-0621,2026-08-18,H&A사업본부,WashTower & Tromm (리빙가전),한국(Korea),67,160800000,105741018,35.2,86.1
LG-2026-0622,2026-05-22,에어솔루션사업본부,Whisen & HVAC (에어솔루션),한국(Korea),96,336000000,235321997,19.8,89.8
LG-2026-0623,2026-04-26,에어솔루션사업본부,Whisen & HVAC (에어솔루션),유럽(Europe),168,588000000,379555699,38.0,91.0
LG-2026-0624,2026-03-13,H&A사업본부,DIOS & Objet (주방가전),인도·아시아(APAC),33,69300000,43466001,21.3,90.8
LG-2026-0625,2026-08-28,에어솔루션사업본부,Whisen & HVAC (에어솔루션),한국(Korea),163,570500000,427494041,19.6,88.9
LG-2026-0626,2026-04-27,HE사업본부,OLED evo (TV),유럽(Europe),40,112000000,84023693,35.5,94.1
LG-2026-0627,2026-04-19,HE사업본부,OLED evo (TV),북미(North America),23,64400000,49937186,44.1,88.6
LG-2026-0628,2026-06-25,HE사업본부,OLED evo (TV),한국(Korea),31,86800000,60889527,29.8,88.6
LG-2026-0629,2026-05-23,HE사업본부,OLED evo (TV),북미(North America),62,173600000,109496620,37.4,90.7
LG-2026-0630,2026-07-19,H&A사업본부,DIOS & Objet (주방가전),유럽(Europe),96,201600000,136919950,26.6,88.6
LG-2026-0631,2026-03-21,H&A사업본부,DIOS & Objet (주방가전),북미(North America),62,130200000,87359776,33.3,94.8
LG-2026-0632,2026-08-20,H&A사업본부,DIOS & Objet (주방가전),유럽(Europe),90,189000000,132081538,25.7,86.2
LG-2026-0633,2026-09-23,HE사업본부,OLED evo (TV),한국(Korea),75,210000000,137797266,35.6,91.2
LG-2026-0634,2026-07-13,HE사업본부,OLED evo (TV),북미(North America),54,151200000,95668207,37.1,86.8
LG-2026-0635,2026-02-16,에어솔루션사업본부,Whisen & HVAC (에어솔루션),한국(Korea),159,556500000,402112444,46.5,91.7
LG-2026-0636,2026-02-23,H&A사업본부,DIOS & Objet (주방가전),인도·아시아(APAC),161,338100000,250478316,26.7,86.6
LG-2026-0637,2026-06-28,H&A사업본부,DIOS & Objet (주방가전),한국(Korea),18,37800000,23768842,19.9,96.6
LG-2026-0638,2026-03-20,H&A사업본부,DIOS & Objet (주방가전),유럽(Europe),99,207900000,128927058,29.2,92.4
LG-2026-0639,2026-01-20,에어솔루션사업본부,Whisen & HVAC (에어솔루션),유럽(Europe),96,336000000,252137266,27.5,92.8
LG-2026-0640,2026-04-17,H&A사업본부,WashTower & Tromm (리빙가전),한국(Korea),81,194400000,132304886,30.6,
LG-2026-0641,2026-06-13,신성장구독랩,StanbyME & Care (신가전·시제품),한국(Korea),105,120750000,85510729,39.3,94.8
LG-2026-0642,2026-04-16,H&A사업본부,DIOS & Objet (주방가전),북미(North America),103,216300000,145367115,41.7,87.5
LG-2026-0643,2026-03-12,에어솔루션사업본부,Whisen & HVAC (에어솔루션),유럽(Europe),103,360500000,250970105,25.8,95.3
LG-2026-0644,2026-04-26,H&A사업본부,WashTower & Tromm (리빙가전),북미(North America),105,252000000,176016104,45.8,90.3
LG-2026-0645,2026-08-25,에어솔루션사업본부,Whisen & HVAC (에어솔루션),한국(Korea),149,521500000,331810346,26.0,95.5
LG-2026-0646,2026-03-13,신성장구독랩,StanbyME & Care (신가전·시제품),인도·아시아(APAC),25,28750000,20026513,42.8,93.0
LG-2026-0647,2026-09-11,H&A사업본부,WashTower & Tromm (리빙가전),인도·아시아(APAC),104,249600000,171445808,28.4,89.3
LG-2026-0648,2026-05-12,H&A사업본부,DIOS & Objet (주방가전),북미(North America),51,107100000,77964352,47.8,90.5
LG-2026-0649,2026-04-14,H&A사업본부,DIOS & Objet (주방가전),유럽(Europe),81,170100000,112915768,41.4,90.3
LG-2026-0650,2026-08-27,신성장구독랩,StanbyME & Care (신가전·시제품),유럽(Europe),86,98900000,70619525,40.8,91.9
LG-2026-0651,2026-05-28,H&A사업본부,WashTower & Tromm (리빙가전),한국(Korea),32,76800000,56528906,21.2,86.1
LG-2026-0652,2026-07-21,신성장구독랩,StanbyME & Care (신가전·시제품),인도·아시아(APAC),173,198950000,146721432,31.5,84.4
LG-2026-0653,2026-08-13,HE사업본부,OLED evo (TV),인도·아시아(APAC),21,58800000,38493700,45.1,87.6
LG-2026-0654,2026-02-12,H&A사업본부,WashTower & Tromm (리빙가전),북미(North America),136,326400000,221868217,46.0,84.1
LG-2026-0655,2026-04-28,H&A사업본부,WashTower & Tromm (리빙가전),북미(North America),121,290400000,184120228,23.3,90.0
LG-2026-0656,2026-01-22,H&A사업본부,WashTower & Tromm (리빙가전),한국(Korea),82,196800000,142077206,28.2,90.4
LG-2026-0657,2026-08-10,HE사업본부,OLED evo (TV),북미(North America),138,386400000,273924317,20.9,92.7
LG-2026-0658,2026-06-28,신성장구독랩,StanbyME & Care (신가전·시제품),북미(North America),89,102350000,73694724,26.7,95.4
LG-2026-0659,2026-02-27,에어솔루션사업본부,Whisen & HVAC (에어솔루션),한국(Korea),28,98000000,75124657,20.4,84.6
LG-2026-0660,2026-05-12,H&A사업본부,WashTower & Tromm (리빙가전),인도·아시아(APAC),49,117600000,75612637,23.9,88.8
LG-2026-0661,2026-05-16,H&A사업본부,WashTower & Tromm (리빙가전),유럽(Europe),160,384000000,294234707,30.7,88.8
LG-2026-0662,2026-05-22,신성장구독랩,StanbyME & Care (신가전·시제품),인도·아시아(APAC),107,123050000,88551854,25.8,94.1
LG-2026-0663,2026-07-15,HE사업본부,OLED evo (TV),북미(North America),66,184800000,132434254,46.8,95.5
LG-2026-0664,2026-07-12,HE사업본부,OLED evo (TV),인도·아시아(APAC),138,386400000,241616141,31.4,91.6
LG-2026-0665,2026-06-26,신성장구독랩,StanbyME & Care (신가전·시제품),인도·아시아(APAC),157,0,117357500,28.8,86.9
LG-2026-0666,2026-05-27,에어솔루션사업본부,Whisen & HVAC (에어솔루션),인도·아시아(APAC),28,98000000,60967110,21.2,88.0
LG-2026-0667,2026-03-22,H&A사업본부,WashTower & Tromm (리빙가전),북미(North America),155,372000000,250781187,41.0,85.7
LG-2026-0668,2026-08-12,에어솔루션사업본부,Whisen & HVAC (에어솔루션),한국(Korea),70,245000000,176343333,19.5,93.4
LG-2026-0669,2026-02-18,H&A사업본부,DIOS & Objet (주방가전),북미(North America),159,333900000,244279718,36.2,91.9
LG-2026-0670,2026-06-28,HE사업본부,OLED evo (TV),유럽(Europe),99,277200000,208229842,47.3,84.8
LG-2026-0671,2026-05-16,신성장구독랩,StanbyME & Care (신가전·시제품),인도·아시아(APAC),165,189750000,146611508,42.4,94.7
LG-2026-0672,2026-09-27,에어솔루션사업본부,Whisen & HVAC (에어솔루션),유럽(Europe),174,609000000,421001141,23.5,93.5
LG-2026-0673,2026-04-22,에어솔루션사업본부,Whisen & HVAC (에어솔루션),유럽(Europe),92,322000000,238635391,47.5,95.1
LG-2026-0674,2026-08-17,H&A사업본부,DIOS & Objet (주방가전),유럽(Europe),142,298200000,217446002,41.5,92.7
LG-2026-0675,2026-01-13,H&A사업본부,WashTower & Tromm (리빙가전),인도·아시아(APAC),116,278400000,210000492,23.1,93.9
LG-2026-0676,2026-08-14,HE사업본부,OLED evo (TV),인도·아시아(APAC),141,394800000,280636986,21.3,84.2
LG-2026-0677,2026-04-22,H&A사업본부,DIOS & Objet (주방가전),북미(North America),152,319200000,240541063,43.5,86.2
LG-2026-0678,2026-01-27,H&A사업본부,DIOS & Objet (주방가전),인도·아시아(APAC),121,254100000,162298583,47.5,91.2
LG-2026-0679,2026-02-19,HE사업본부,OLED evo (TV),한국(Korea),84,235200000,155492645,29.0,94.0
LG-2026-0680,2026-09-10,H&A사업본부,WashTower & Tromm (리빙가전),한국(Korea),88,211200000,148898730,38.0,
LG-2026-0681,2026-01-14,HE사업본부,OLED evo (TV),유럽(Europe),19,53200000,39725375,43.6,89.8
LG-2026-0682,2026-04-11,H&A사업본부,WashTower & Tromm (리빙가전),유럽(Europe),87,208800000,155208669,30.5,86.0
LG-2026-0683,2026-09-20,H&A사업본부,WashTower & Tromm (리빙가전),북미(North America),19,45600000,34732340,35.5,90.1
LG-2026-0684,2026-08-14,에어솔루션사업본부,Whisen & HVAC (에어솔루션),유럽(Europe),145,507500000,388939486,32.9,90.5
LG-2026-0685,2026-04-10,HE사업본부,OLED evo (TV),북미(North America),31,86800000,67188210,35.6,86.8
LG-2026-0686,2026-04-16,H&A사업본부,WashTower & Tromm (리빙가전),북미(North America),166,398400000,298658755,18.9,84.6
LG-2026-0687,2026-03-21,HE사업본부,OLED evo (TV),인도·아시아(APAC),27,75600000,56903497,36.7,86.9
LG-2026-0688,2026-04-17,H&A사업본부,DIOS & Objet (주방가전),유럽(Europe),171,359100000,274202487,32.2,92.2
LG-2026-0689,2026-06-10,HE사업본부,OLED evo (TV),인도·아시아(APAC),112,313600000,218105874,30.6,95.0
LG-2026-0690,2026-06-11,에어솔루션사업본부,Whisen & HVAC (에어솔루션),한국(Korea),154,539000000,361872315,43.8,85.2
LG-2026-0691,2026-04-25,H&A사업본부,WashTower & Tromm (리빙가전),북미(North America),122,292800000,227010613,27.5,93.8
LG-2026-0692,2026-03-13,H&A사업본부,DIOS & Objet (주방가전),한국(Korea),33,69300000,49279971,40.9,96.0
LG-2026-0693,2026-04-21,에어솔루션사업본부,Whisen & HVAC (에어솔루션),유럽(Europe),173,605500000,435710228,29.6,90.9
LG-2026-0694,2026-04-17,신성장구독랩,StanbyME & Care (신가전·시제품),북미(North America),153,175950000,127640534,25.4,84.3
LG-2026-0695,2026-09-24,H&A사업본부,DIOS & Objet (주방가전),유럽(Europe),50,105000000,66097055,32.9,95.5
LG-2026-0696,2026-03-26,HE사업본부,OLED evo (TV),유럽(Europe),125,350000000,272934555,35.5,95.2
LG-2026-0697,2026-01-11,H&A사업본부,WashTower & Tromm (리빙가전),북미(North America),127,304800000,201173330,28.8,89.7
LG-2026-0698,2026-04-13,HE사업본부,OLED evo (TV),유럽(Europe),135,378000000,238229645,19.2,95.5
LG-2026-0699,2026-06-22,H&A사업본부,WashTower & Tromm (리빙가전),북미(North America),150,360000000,231439214,31.2,92.1
LG-2026-0700,2026-08-22,신성장구독랩,StanbyME & Care (신가전·시제품),인도·아시아(APAC),108,124200000,93620060,26.3,90.0
LG-2026-0701,2026-04-22,HE사업본부,OLED evo (TV),북미(North America),94,263200000,197413323,36.2,91.1
LG-2026-0702,2026-09-24,HE사업본부,OLED evo (TV),인도·아시아(APAC),72,201600000,126177358,30.1,97.1
LG-2026-0703,2026-04-26,H&A사업본부,WashTower & Tromm (리빙가전),한국(Korea),29,69600000,51830340,27.0,91.1
LG-2026-0704,2026-04-26,H&A사업본부,WashTower & Tromm (리빙가전),한국(Korea),47,112800000,85446162,43.8,97.3
LG-2026-0705,2026-03-27,HE사업본부,OLED evo (TV),유럽(Europe),124,347200000,216773357,20.1,88.0
LG-2026-0706,2026-01-28,HE사업본부,OLED evo (TV),북미(North America),133,372400000,257195858,44.7,89.3
LG-2026-0707,2026-01-18,H&A사업본부,WashTower & Tromm (리빙가전),인도·아시아(APAC),154,369600000,280873121,26.3,89.8
LG-2026-0708,2026-01-14,H&A사업본부,DIOS & Objet (주방가전),인도·아시아(APAC),76,159600000,116685240,45.0,86.6
LG-2026-0709,2026-09-20,에어솔루션사업본부,Whisen & HVAC (에어솔루션),북미(North America),120,420000000,277175623,40.7,95.0
LG-2026-0710,2026-09-13,에어솔루션사업본부,Whisen & HVAC (에어솔루션),인도·아시아(APAC),104,364000000,242645561,45.9,97.0
LG-2026-0711,2026-04-28,H&A사업본부,DIOS & Objet (주방가전),인도·아시아(APAC),167,350700000,236115282,27.5,86.4
LG-2026-0712,2026-01-25,HE사업본부,OLED evo (TV),북미(North America),37,103600000,68870802,28.4,90.1
LG-2026-0713,2026-08-19,HE사업본부,OLED evo (TV),한국(Korea),85,238000000,166751160,20.1,84.7
LG-2026-0714,2026-07-22,H&A사업본부,DIOS & Objet (주방가전),유럽(Europe),109,228900000,171548685,26.6,97.3
LG-2026-0715,2026-02-15,신성장구독랩,StanbyME & Care (신가전·시제품),유럽(Europe),143,0,106892500,45.9,92.1
LG-2026-0716,2026-04-21,HE사업본부,OLED evo (TV),한국(Korea),44,123200000,85858347,39.2,93.2
LG-2026-0717,2026-07-28,에어솔루션사업본부,Whisen & HVAC (에어솔루션),북미(North America),113,395500000,308205599,35.8,95.4
LG-2026-0718,2026-07-13,에어솔루션사업본부,Whisen & HVAC (에어솔루션),유럽(Europe),64,224000000,151190591,43.9,84.4
LG-2026-0719,2026-04-26,HE사업본부,OLED evo (TV),유럽(Europe),61,170800000,118061084,31.5,87.9
LG-2026-0720,2026-03-16,H&A사업본부,WashTower & Tromm (리빙가전),유럽(Europe),31,74400000,49329558,41.5,
LG-2026-0721,2026-05-15,에어솔루션사업본부,Whisen & HVAC (에어솔루션),인도·아시아(APAC),90,315000000,218528769,29.1,97.4
LG-2026-0722,2026-09-27,H&A사업본부,WashTower & Tromm (리빙가전),유럽(Europe),138,331200000,252288982,19.1,95.4
LG-2026-0723,2026-07-18,에어솔루션사업본부,Whisen & HVAC (에어솔루션),유럽(Europe),161,563500000,421703278,30.1,89.2
LG-2026-0724,2026-02-26,HE사업본부,OLED evo (TV),인도·아시아(APAC),164,459200000,320154300,32.1,88.1
LG-2026-0725,2026-08-11,HE사업본부,OLED evo (TV),유럽(Europe),109,305200000,214435294,41.3,93.0
LG-2026-0726,2026-03-24,H&A사업본부,WashTower & Tromm (리빙가전),유럽(Europe),121,290400000,209483414,40.1,90.3
LG-2026-0727,2026-09-21,HE사업본부,OLED evo (TV),한국(Korea),107,299600000,231255527,37.4,97.4
LG-2026-0728,2026-01-16,HE사업본부,OLED evo (TV),한국(Korea),110,308000000,220782890,26.3,89.6
LG-2026-0729,2026-03-16,H&A사업본부,DIOS & Objet (주방가전),한국(Korea),52,109200000,76873729,27.9,94.6
LG-2026-0730,2026-03-10,H&A사업본부,WashTower & Tromm (리빙가전),북미(North America),99,237600000,154378720,46.8,97.1
LG-2026-0731,2026-03-10,신성장구독랩,StanbyME & Care (신가전·시제품),한국(Korea),46,52900000,36702192,38.9,89.0
LG-2026-0732,2026-04-10,H&A사업본부,WashTower & Tromm (리빙가전),한국(Korea),106,254400000,186372916,18.3,89.3
LG-2026-0733,2026-04-20,H&A사업본부,WashTower & Tromm (리빙가전),한국(Korea),43,103200000,71993904,47.2,87.0
LG-2026-0734,2026-03-18,HE사업본부,OLED evo (TV),인도·아시아(APAC),135,378000000,279956922,42.1,89.1
LG-2026-0735,2026-03-14,H&A사업본부,WashTower & Tromm (리빙가전),인도·아시아(APAC),70,168000000,125895731,47.0,93.2
LG-2026-0736,2026-02-24,에어솔루션사업본부,Whisen & HVAC (에어솔루션),북미(North America),143,500500000,362852170,46.0,95.6
LG-2026-0737,2026-02-24,신성장구독랩,StanbyME & Care (신가전·시제품),유럽(Europe),40,46000000,32663344,36.4,84.4
LG-2026-0738,2026-06-12,H&A사업본부,WashTower & Tromm (리빙가전),한국(Korea),121,290400000,210835299,42.7,84.1
LG-2026-0739,2026-07-13,H&A사업본부,DIOS & Objet (주방가전),북미(North America),70,147000000,109852752,33.9,94.5
LG-2026-0740,2026-07-14,H&A사업본부,DIOS & Objet (주방가전),북미(North America),121,254100000,165495854,28.8,90.7
LG-2026-0741,2026-08-23,H&A사업본부,WashTower & Tromm (리빙가전),유럽(Europe),95,228000000,168332645,19.1,86.1
LG-2026-0742,2026-06-24,H&A사업본부,WashTower & Tromm (리빙가전),한국(Korea),137,328800000,248519116,24.6,96.6
LG-2026-0743,2026-06-28,H&A사업본부,DIOS & Objet (주방가전),유럽(Europe),104,218400000,140086872,44.8,85.3
LG-2026-0744,2026-02-12,신성장구독랩,StanbyME & Care (신가전·시제품),한국(Korea),100,115000000,79700491,24.9,92.1
LG-2026-0745,2026-09-21,H&A사업본부,WashTower & Tromm (리빙가전),인도·아시아(APAC),83,199200000,131992857,47.7,88.4
LG-2026-0746,2026-01-24,에어솔루션사업본부,Whisen & HVAC (에어솔루션),유럽(Europe),180,630000000,476469804,27.2,92.1
LG-2026-0747,2026-06-17,HE사업본부,OLED evo (TV),북미(North America),148,414400000,300950568,19.1,89.8
LG-2026-0748,2026-05-23,H&A사업본부,DIOS & Objet (주방가전),한국(Korea),152,319200000,210287840,38.4,94.7
LG-2026-0749,2026-07-21,신성장구독랩,StanbyME & Care (신가전·시제품),유럽(Europe),93,106950000,70291766,31.5,91.3
LG-2026-0750,2026-09-22,H&A사업본부,WashTower & Tromm (리빙가전),북미(North America),179,429600000,291641127,41.7,93.9
LG-2026-0751,2026-09-23,에어솔루션사업본부,Whisen & HVAC (에어솔루션),한국(Korea),109,381500000,248596239,47.8,97.0
LG-2026-0752,2026-07-17,HE사업본부,OLED evo (TV),한국(Korea),162,453600000,353625132,37.2,95.9
LG-2026-0753,2026-08-19,H&A사업본부,DIOS & Objet (주방가전),북미(North America),98,205800000,158105175,47.1,85.6
LG-2026-0754,2026-01-21,신성장구독랩,StanbyME & Care (신가전·시제품),인도·아시아(APAC),113,129950000,96442608,31.3,85.7
LG-2026-0755,2026-06-17,H&A사업본부,DIOS & Objet (주방가전),한국(Korea),103,216300000,153047465,29.3,89.7
LG-2026-0756,2026-09-13,HE사업본부,OLED evo (TV),유럽(Europe),179,501200000,380776968,20.3,95.8
LG-2026-0757,2026-05-28,H&A사업본부,WashTower & Tromm (리빙가전),북미(North America),66,158400000,109791498,46.5,94.7
LG-2026-0758,2026-09-24,HE사업본부,OLED evo (TV),유럽(Europe),143,400400000,279339724,45.9,92.7
LG-2026-0759,2026-07-23,H&A사업본부,DIOS & Objet (주방가전),북미(North America),177,371700000,277441356,31.6,90.8
LG-2026-0760,2026-04-21,H&A사업본부,WashTower & Tromm (리빙가전),유럽(Europe),145,348000000,230211732,24.1,
LG-2026-0761,2026-08-26,에어솔루션사업본부,Whisen & HVAC (에어솔루션),한국(Korea),72,252000000,172401823,26.8,96.3
LG-2026-0762,2026-04-17,H&A사업본부,WashTower & Tromm (리빙가전),유럽(Europe),59,141600000,89576660,42.4,94.9
LG-2026-0763,2026-07-12,H&A사업본부,WashTower & Tromm (리빙가전),유럽(Europe),58,139200000,104178026,34.8,84.8
LG-2026-0764,2026-09-24,신성장구독랩,StanbyME & Care (신가전·시제품),인도·아시아(APAC),64,73600000,53319794,30.8,86.1
LG-2026-0765,2026-02-16,신성장구독랩,StanbyME & Care (신가전·시제품),인도·아시아(APAC),51,0,38122500,28.2,87.4
LG-2026-0766,2026-04-13,H&A사업본부,WashTower & Tromm (리빙가전),유럽(Europe),53,127200000,96543196,33.6,97.1
LG-2026-0767,2026-05-28,HE사업본부,OLED evo (TV),한국(Korea),163,456400000,318290036,27.3,86.4
LG-2026-0768,2026-07-22,H&A사업본부,WashTower & Tromm (리빙가전),유럽(Europe),63,151200000,117460087,36.3,90.2
LG-2026-0769,2026-09-19,H&A사업본부,DIOS & Objet (주방가전),인도·아시아(APAC),20,42000000,26100360,30.7,89.4
LG-2026-0770,2026-02-26,에어솔루션사업본부,Whisen & HVAC (에어솔루션),유럽(Europe),22,77000000,49365534,47.2,91.4
LG-2026-0771,2026-09-22,신성장구독랩,StanbyME & Care (신가전·시제품),인도·아시아(APAC),161,185150000,117222470,19.4,88.9
LG-2026-0772,2026-05-10,신성장구독랩,StanbyME & Care (신가전·시제품),한국(Korea),137,157550000,112869730,20.8,84.5
LG-2026-0773,2026-06-20,에어솔루션사업본부,Whisen & HVAC (에어솔루션),인도·아시아(APAC),73,255500000,190816679,42.3,90.1
LG-2026-0774,2026-06-12,HE사업본부,OLED evo (TV),북미(North America),117,327600000,204312737,39.5,87.6
LG-2026-0775,2026-06-20,H&A사업본부,WashTower & Tromm (리빙가전),한국(Korea),79,189600000,122810472,34.5,93.9
LG-2026-0776,2026-04-20,H&A사업본부,DIOS & Objet (주방가전),한국(Korea),104,218400000,146473836,43.9,92.7
LG-2026-0777,2026-06-13,H&A사업본부,WashTower & Tromm (리빙가전),인도·아시아(APAC),173,415200000,277520866,40.6,90.5
LG-2026-0778,2026-01-18,에어솔루션사업본부,Whisen & HVAC (에어솔루션),북미(North America),143,500500000,355730579,26.6,89.2
LG-2026-0779,2026-03-18,에어솔루션사업본부,Whisen & HVAC (에어솔루션),인도·아시아(APAC),49,171500000,109725673,39.4,96.0
LG-2026-0780,2026-03-24,신성장구독랩,StanbyME & Care (신가전·시제품),한국(Korea),76,87400000,59011485,45.6,95.2
LG-2026-0781,2026-01-15,H&A사업본부,WashTower & Tromm (리빙가전),한국(Korea),46,110400000,85469450,45.9,95.4
LG-2026-0782,2026-05-23,신성장구독랩,StanbyME & Care (신가전·시제품),인도·아시아(APAC),84,96600000,61536430,28.2,86.0
LG-2026-0783,2026-09-27,에어솔루션사업본부,Whisen & HVAC (에어솔루션),인도·아시아(APAC),139,486500000,343517377,18.6,89.0
LG-2026-0784,2026-04-16,H&A사업본부,DIOS & Objet (주방가전),북미(North America),104,218400000,154416462,37.4,84.9
LG-2026-0785,2026-08-23,H&A사업본부,DIOS & Objet (주방가전),한국(Korea),117,245700000,161593465,30.4,86.2
LG-2026-0786,2026-03-28,H&A사업본부,WashTower & Tromm (리빙가전),유럽(Europe),38,91200000,57503976,35.0,85.5
LG-2026-0787,2026-06-18,HE사업본부,OLED evo (TV),북미(North America),122,341600000,238989023,35.6,84.9
LG-2026-0788,2026-07-16,신성장구독랩,StanbyME & Care (신가전·시제품),인도·아시아(APAC),155,178250000,112146842,42.0,87.6
LG-2026-0789,2026-09-15,H&A사업본부,DIOS & Objet (주방가전),인도·아시아(APAC),145,304500000,234517645,46.9,94.7
LG-2026-0790,2026-05-25,신성장구독랩,StanbyME & Care (신가전·시제품),북미(North America),84,96600000,67144980,21.8,84.9
LG-2026-0791,2026-05-23,HE사업본부,OLED evo (TV),유럽(Europe),63,176400000,112782832,38.3,86.6
LG-2026-0792,2026-04-22,H&A사업본부,DIOS & Objet (주방가전),유럽(Europe),51,107100000,69381737,33.8,89.6
LG-2026-0793,2026-04-20,에어솔루션사업본부,Whisen & HVAC (에어솔루션),인도·아시아(APAC),39,136500000,100885068,28.8,96.3
LG-2026-0794,2026-02-13,HE사업본부,OLED evo (TV),한국(Korea),120,336000000,214669571,26.2,95.0
LG-2026-0795,2026-03-25,신성장구독랩,StanbyME & Care (신가전·시제품),북미(North America),121,139150000,102058793,20.6,93.9
LG-2026-0796,2026-06-26,신성장구독랩,StanbyME & Care (신가전·시제품),유럽(Europe),148,170200000,118681425,37.2,84.9
LG-2026-0797,2026-07-28,H&A사업본부,DIOS & Objet (주방가전),북미(North America),42,88200000,63161013,28.1,86.3
LG-2026-0798,2026-03-24,H&A사업본부,DIOS & Objet (주방가전),북미(North America),101,212100000,135582234,21.0,85.9
LG-2026-0799,2026-01-12,HE사업본부,OLED evo (TV),유럽(Europe),125,350000000,252509649,46.6,97.4
LG-2026-0800,2026-09-20,H&A사업본부,WashTower & Tromm (리빙가전),유럽(Europe),159,381600000,263455525,26.7,
LG-2026-0801,2026-05-25,H&A사업본부,DIOS & Objet (주방가전),북미(North America),72,151200000,102241694,41.3,85.3
LG-2026-0802,2026-01-17,에어솔루션사업본부,Whisen & HVAC (에어솔루션),인도·아시아(APAC),76,266000000,181350607,43.6,87.3
LG-2026-0803,2026-02-10,H&A사업본부,DIOS & Objet (주방가전),북미(North America),171,359100000,259304537,27.3,87.6
LG-2026-0804,2026-06-24,H&A사업본부,WashTower & Tromm (리빙가전),한국(Korea),104,249600000,190044967,21.8,96.0
LG-2026-0805,2026-01-13,에어솔루션사업본부,Whisen & HVAC (에어솔루션),인도·아시아(APAC),169,591500000,419827490,45.1,91.6
LG-2026-0806,2026-02-17,HE사업본부,OLED evo (TV),인도·아시아(APAC),112,313600000,200484315,42.6,91.2
LG-2026-0807,2026-06-13,H&A사업본부,DIOS & Objet (주방가전),유럽(Europe),115,241500000,169219915,29.6,89.7
LG-2026-0808,2026-01-23,H&A사업본부,WashTower & Tromm (리빙가전),북미(North America),69,165600000,124074794,35.4,88.0
LG-2026-0809,2026-06-25,에어솔루션사업본부,Whisen & HVAC (에어솔루션),한국(Korea),99,346500000,268113415,37.4,84.9
LG-2026-0810,2026-05-15,에어솔루션사업본부,Whisen & HVAC (에어솔루션),인도·아시아(APAC),55,192500000,147333862,38.5,86.1
LG-2026-0811,2026-08-17,HE사업본부,OLED evo (TV),유럽(Europe),105,294000000,218508133,41.5,93.2
LG-2026-0812,2026-07-12,H&A사업본부,DIOS & Objet (주방가전),유럽(Europe),128,268800000,171745617,24.5,84.1
LG-2026-0813,2026-04-28,H&A사업본부,WashTower & Tromm (리빙가전),유럽(Europe),71,170400000,122151462,46.2,88.6
LG-2026-0814,2026-06-24,H&A사업본부,DIOS & Objet (주방가전),한국(Korea),110,231000000,150166753,28.6,84.0
LG-2026-0815,2026-01-17,신성장구독랩,StanbyME & Care (신가전·시제품),유럽(Europe),155,0,115862500,45.6,86.0
LG-2026-0816,2026-07-27,신성장구독랩,StanbyME & Care (신가전·시제품),유럽(Europe),58,66700000,49180714,45.9,96.7
LG-2026-0817,2026-06-28,HE사업본부,OLED evo (TV),북미(North America),100,280000000,174935603,22.9,84.6
LG-2026-0818,2026-08-25,에어솔루션사업본부,Whisen & HVAC (에어솔루션),한국(Korea),45,157500000,121811074,45.9,94.8
LG-2026-0819,2026-02-24,에어솔루션사업본부,Whisen & HVAC (에어솔루션),유럽(Europe),124,434000000,293039732,27.0,95.5
LG-2026-0820,2026-04-15,신성장구독랩,StanbyME & Care (신가전·시제품),북미(North America),47,54050000,38706095,33.5,84.8
LG-2026-0821,2026-03-22,H&A사업본부,DIOS & Objet (주방가전),한국(Korea),169,354900000,231827988,24.7,92.3
LG-2026-0822,2026-09-24,HE사업본부,OLED evo (TV),한국(Korea),58,162400000,102536626,37.0,88.0
LG-2026-0823,2026-01-25,HE사업본부,OLED evo (TV),인도·아시아(APAC),32,89600000,60070362,29.2,87.4
LG-2026-0824,2026-02-21,신성장구독랩,StanbyME & Care (신가전·시제품),인도·아시아(APAC),113,129950000,96457747,32.8,90.5
LG-2026-0825,2026-04-22,H&A사업본부,DIOS & Objet (주방가전),한국(Korea),96,201600000,147911317,35.3,88.5
LG-2026-0826,2026-01-22,에어솔루션사업본부,Whisen & HVAC (에어솔루션),유럽(Europe),81,283500000,197984155,23.4,93.3
LG-2026-0827,2026-05-10,신성장구독랩,StanbyME & Care (신가전·시제품),한국(Korea),52,59800000,37377021,44.5,95.1
LG-2026-0828,2026-07-26,HE사업본부,OLED evo (TV),북미(North America),139,389200000,246168065,21.0,85.9
LG-2026-0829,2026-07-14,H&A사업본부,WashTower & Tromm (리빙가전),북미(North America),93,223200000,151522416,40.7,85.4
LG-2026-0830,2026-09-22,H&A사업본부,DIOS & Objet (주방가전),북미(North America),140,294000000,228182701,35.1,87.2
LG-2026-0831,2026-02-28,H&A사업본부,DIOS & Objet (주방가전),유럽(Europe),121,254100000,183054699,26.1,96.7
LG-2026-0832,2026-07-14,HE사업본부,OLED evo (TV),북미(North America),70,196000000,133767240,39.6,85.6
LG-2026-0833,2026-03-24,H&A사업본부,DIOS & Objet (주방가전),북미(North America),51,107100000,83141352,42.0,88.3
LG-2026-0834,2026-02-22,H&A사업본부,DIOS & Objet (주방가전),한국(Korea),178,373800000,259720605,42.1,86.7
LG-2026-0835,2026-01-20,H&A사업본부,DIOS & Objet (주방가전),유럽(Europe),107,224700000,170725126,47.5,87.0
LG-2026-0836,2026-01-15,신성장구독랩,StanbyME & Care (신가전·시제품),한국(Korea),22,25300000,17579435,43.6,85.9
LG-2026-0837,2026-03-27,신성장구독랩,StanbyME & Care (신가전·시제품),유럽(Europe),45,51750000,35889480,38.7,86.1
LG-2026-0838,2026-08-17,신성장구독랩,StanbyME & Care (신가전·시제품),한국(Korea),74,85100000,61653158,28.7,86.4
LG-2026-0839,2026-09-22,H&A사업본부,WashTower & Tromm (리빙가전),한국(Korea),178,427200000,265205864,22.9,85.2
LG-2026-0840,2026-09-14,H&A사업본부,WashTower & Tromm (리빙가전),인도·아시아(APAC),131,314400000,235151978,40.7,
LG-2026-0841,2026-08-21,신성장구독랩,StanbyME & Care (신가전·시제품),북미(North America),121,139150000,95132824,24.2,85.4
LG-2026-0842,2026-03-16,에어솔루션사업본부,Whisen & HVAC (에어솔루션),북미(North America),34,119000000,73867295,47.1,90.2
LG-2026-0843,2026-01-11,에어솔루션사업본부,Whisen & HVAC (에어솔루션),유럽(Europe),16,56000000,35611053,43.3,94.8
LG-2026-0844,2026-07-20,HE사업본부,OLED evo (TV),유럽(Europe),168,470400000,340590440,18.0,89.7
LG-2026-0845,2026-09-19,H&A사업본부,WashTower & Tromm (리빙가전),유럽(Europe),160,384000000,281554434,30.6,85.5
LG-2026-0846,2026-05-23,H&A사업본부,WashTower & Tromm (리빙가전),유럽(Europe),42,100800000,65862820,42.7,93.8
LG-2026-0847,2026-05-14,에어솔루션사업본부,Whisen & HVAC (에어솔루션),한국(Korea),18,63000000,47297652,35.6,89.2
LG-2026-0848,2026-01-27,에어솔루션사업본부,Whisen & HVAC (에어솔루션),유럽(Europe),103,360500000,253301753,31.5,85.6
LG-2026-0849,2026-04-14,H&A사업본부,DIOS & Objet (주방가전),한국(Korea),171,359100000,226952992,45.7,88.6
LG-2026-0850,2026-06-21,H&A사업본부,DIOS & Objet (주방가전),인도·아시아(APAC),32,67200000,47598951,40.6,93.6
LG-2026-0851,2026-06-25,HE사업본부,OLED evo (TV),한국(Korea),169,473200000,342225779,30.0,88.6
LG-2026-0852,2026-06-15,신성장구독랩,StanbyME & Care (신가전·시제품),인도·아시아(APAC),60,69000000,52921652,19.9,87.8
LG-2026-0853,2026-04-19,신성장구독랩,StanbyME & Care (신가전·시제품),한국(Korea),161,185150000,126165307,27.3,89.5
LG-2026-0854,2026-07-16,에어솔루션사업본부,Whisen & HVAC (에어솔루션),인도·아시아(APAC),77,269500000,188450467,34.0,88.7
LG-2026-0855,2026-02-26,에어솔루션사업본부,Whisen & HVAC (에어솔루션),북미(North America),104,364000000,268758212,20.8,91.3
LG-2026-0856,2026-04-14,HE사업본부,OLED evo (TV),인도·아시아(APAC),164,459200000,296632048,32.5,95.8
LG-2026-0857,2026-05-27,에어솔루션사업본부,Whisen & HVAC (에어솔루션),인도·아시아(APAC),53,185500000,143703698,46.4,90.9
LG-2026-0858,2026-01-18,HE사업본부,OLED evo (TV),인도·아시아(APAC),105,294000000,204701892,37.7,85.9
LG-2026-0859,2026-05-20,HE사업본부,OLED evo (TV),인도·아시아(APAC),75,210000000,144062875,25.8,97.4
LG-2026-0860,2026-06-19,신성장구독랩,StanbyME & Care (신가전·시제품),북미(North America),75,86250000,55979341,41.7,91.3
LG-2026-0861,2026-01-14,에어솔루션사업본부,Whisen & HVAC (에어솔루션),한국(Korea),178,623000000,430338391,23.4,93.9
LG-2026-0862,2026-02-28,H&A사업본부,WashTower & Tromm (리빙가전),유럽(Europe),137,328800000,247504550,28.0,90.2
LG-2026-0863,2026-01-17,신성장구독랩,StanbyME & Care (신가전·시제품),한국(Korea),64,73600000,48625530,23.4,96.0
LG-2026-0864,2026-07-19,신성장구독랩,StanbyME & Care (신가전·시제품),북미(North America),171,196650000,146047334,38.9,86.9
LG-2026-0865,2026-04-21,신성장구독랩,StanbyME & Care (신가전·시제품),인도·아시아(APAC),159,0,118852500,19.2,93.3
LG-2026-0866,2026-04-16,H&A사업본부,WashTower & Tromm (리빙가전),북미(North America),52,124800000,85467753,30.2,89.8
LG-2026-0867,2026-07-28,HE사업본부,OLED evo (TV),한국(Korea),129,361200000,259294212,45.3,90.3
LG-2026-0868,2026-08-15,H&A사업본부,WashTower & Tromm (리빙가전),인도·아시아(APAC),40,96000000,63906699,22.8,86.9
LG-2026-0869,2026-05-12,H&A사업본부,WashTower & Tromm (리빙가전),북미(North America),91,218400000,137005922,22.5,97.0
LG-2026-0870,2026-01-20,HE사업본부,OLED evo (TV),인도·아시아(APAC),70,196000000,124884801,38.5,87.8
LG-2026-0871,2026-08-26,HE사업본부,OLED evo (TV),한국(Korea),105,294000000,184202591,26.9,86.2
LG-2026-0872,2026-06-14,신성장구독랩,StanbyME & Care (신가전·시제품),유럽(Europe),124,142600000,97828728,29.4,86.2
LG-2026-0873,2026-01-11,신성장구독랩,StanbyME & Care (신가전·시제품),인도·아시아(APAC),162,186300000,115745979,46.4,87.3
LG-2026-0874,2026-02-12,HE사업본부,OLED evo (TV),북미(North America),82,229600000,154921847,26.4,93.2
LG-2026-0875,2026-05-27,H&A사업본부,WashTower & Tromm (리빙가전),인도·아시아(APAC),166,398400000,295176457,40.7,95.9
LG-2026-0876,2026-05-12,H&A사업본부,DIOS & Objet (주방가전),인도·아시아(APAC),29,60900000,46063683,41.8,92.0
LG-2026-0877,2026-06-16,에어솔루션사업본부,Whisen & HVAC (에어솔루션),북미(North America),44,154000000,109941973,31.7,87.8
LG-2026-0878,2026-04-13,H&A사업본부,DIOS & Objet (주방가전),북미(North America),177,371700000,245881588,18.5,86.7
LG-2026-0879,2026-06-24,H&A사업본부,WashTower & Tromm (리빙가전),한국(Korea),15,36000000,27409201,27.4,86.0
LG-2026-0880,2026-06-22,H&A사업본부,WashTower & Tromm (리빙가전),유럽(Europe),26,62400000,43385126,32.8,
LG-2026-0881,2026-01-16,에어솔루션사업본부,Whisen & HVAC (에어솔루션),한국(Korea),134,469000000,339115965,27.0,94.4
LG-2026-0882,2026-05-18,H&A사업본부,DIOS & Objet (주방가전),유럽(Europe),63,132300000,99803084,46.1,86.4
LG-2026-0883,2026-08-14,H&A사업본부,WashTower & Tromm (리빙가전),인도·아시아(APAC),33,79200000,59457511,47.5,85.0
LG-2026-0884,2026-05-21,H&A사업본부,WashTower & Tromm (리빙가전),북미(North America),124,297600000,184530681,39.9,84.3
LG-2026-0885,2026-07-27,HE사업본부,OLED evo (TV),유럽(Europe),87,243600000,165868018,18.2,95.4
LG-2026-0886,2026-07-19,HE사업본부,OLED evo (TV),유럽(Europe),65,182000000,133159393,26.2,90.5
LG-2026-0887,2026-07-27,신성장구독랩,StanbyME & Care (신가전·시제품),유럽(Europe),153,175950000,119930320,43.8,97.4
LG-2026-0888,2026-02-16,에어솔루션사업본부,Whisen & HVAC (에어솔루션),한국(Korea),92,322000000,208014810,48.0,86.4
LG-2026-0889,2026-03-20,신성장구독랩,StanbyME & Care (신가전·시제품),인도·아시아(APAC),168,193200000,141282127,31.3,84.2
LG-2026-0890,2026-08-26,HE사업본부,OLED evo (TV),한국(Korea),133,372400000,236359010,37.2,87.7
LG-2026-0891,2026-09-19,H&A사업본부,DIOS & Objet (주방가전),북미(North America),118,247800000,183843733,46.2,88.7
LG-2026-0892,2026-07-24,H&A사업본부,DIOS & Objet (주방가전),인도·아시아(APAC),88,184800000,124864863,26.5,85.7
LG-2026-0893,2026-07-15,HE사업본부,OLED evo (TV),북미(North America),146,408800000,265865823,26.6,90.8
LG-2026-0894,2026-05-26,H&A사업본부,DIOS & Objet (주방가전),북미(North America),117,245700000,180387258,22.1,95.5
LG-2026-0895,2026-05-19,에어솔루션사업본부,Whisen & HVAC (에어솔루션),북미(North America),42,147000000,92640627,47.7,92.6
LG-2026-0896,2026-08-23,HE사업본부,OLED evo (TV),인도·아시아(APAC),46,128800000,91674288,37.6,86.3
LG-2026-0897,2026-06-27,신성장구독랩,StanbyME & Care (신가전·시제품),인도·아시아(APAC),58,66700000,42466565,27.3,91.4
LG-2026-0898,2026-03-28,HE사업본부,OLED evo (TV),북미(North America),132,369600000,251479780,43.1,91.9
LG-2026-0899,2026-09-27,에어솔루션사업본부,Whisen & HVAC (에어솔루션),한국(Korea),76,266000000,175406744,37.6,90.0
LG-2026-0900,2026-08-27,H&A사업본부,DIOS & Objet (주방가전),북미(North America),21,44100000,33343504,30.5,87.1
LG-2026-0901,2026-04-23,신성장구독랩,StanbyME & Care (신가전·시제품),한국(Korea),78,89700000,67639914,38.4,92.1
LG-2026-0902,2026-09-17,H&A사업본부,WashTower & Tromm (리빙가전),인도·아시아(APAC),95,228000000,156960909,20.7,95.2
LG-2026-0903,2026-08-20,신성장구독랩,StanbyME & Care (신가전·시제품),한국(Korea),27,31050000,19566116,35.0,88.7
LG-2026-0904,2026-01-16,신성장구독랩,StanbyME & Care (신가전·시제품),북미(North America),157,180550000,113554293,34.2,93.4
LG-2026-0905,2026-09-11,신성장구독랩,StanbyME & Care (신가전·시제품),인도·아시아(APAC),144,165600000,117192508,25.6,85.2
LG-2026-0906,2026-07-25,HE사업본부,OLED evo (TV),한국(Korea),158,442400000,276087210,37.0,87.7
LG-2026-0907,2026-03-10,에어솔루션사업본부,Whisen & HVAC (에어솔루션),북미(North America),174,609000000,380061483,34.5,94.8
LG-2026-0908,2026-02-25,H&A사업본부,WashTower & Tromm (리빙가전),북미(North America),158,379200000,235169934,36.0,84.5
LG-2026-0909,2026-04-15,H&A사업본부,DIOS & Objet (주방가전),유럽(Europe),19,39900000,27145293,42.4,96.5
LG-2026-0910,2026-06-14,H&A사업본부,DIOS & Objet (주방가전),한국(Korea),15,31500000,24163395,45.9,94.6
LG-2026-0911,2026-07-28,에어솔루션사업본부,Whisen & HVAC (에어솔루션),인도·아시아(APAC),141,493500000,309619875,29.5,88.9
LG-2026-0912,2026-01-16,에어솔루션사업본부,Whisen & HVAC (에어솔루션),한국(Korea),116,406000000,273493291,27.5,87.3
LG-2026-0913,2026-08-25,신성장구독랩,StanbyME & Care (신가전·시제품),유럽(Europe),96,110400000,83546648,43.4,86.4
LG-2026-0914,2026-07-26,신성장구독랩,StanbyME & Care (신가전·시제품),북미(North America),57,65550000,47870198,36.3,87.7
LG-2026-0915,2026-05-12,신성장구독랩,StanbyME & Care (신가전·시제품),북미(North America),64,73600000,52049592,18.6,86.3
LG-2026-0916,2026-04-13,신성장구독랩,StanbyME & Care (신가전·시제품),북미(North America),45,51750000,33922116,29.1,89.3
LG-2026-0917,2026-07-13,신성장구독랩,StanbyME & Care (신가전·시제품),한국(Korea),162,186300000,117887728,37.0,89.1
LG-2026-0918,2026-07-28,HE사업본부,OLED evo (TV),북미(North America),148,414400000,280937601,46.9,94.8
LG-2026-0919,2026-07-14,신성장구독랩,StanbyME & Care (신가전·시제품),북미(North America),163,187450000,143967319,44.3,88.0
LG-2026-0920,2026-04-17,H&A사업본부,WashTower & Tromm (리빙가전),북미(North America),106,254400000,174246594,36.9,
